Name,Event,Description,Cost,Date,Time,Address
Gaming City,Private Party,Private party reservation during which the game floor will be closed to the public and walk-in customers. Exclusive booking for a private group.,N/A,2026-03-28,4:00 PM,"36-10 31st St, Astoria, NY 11106, USA"
ARORA - L'art Du Cocktail,Live TRIO Performance,Weekly live trio performance providing piano-driven cocktail lounge music every Friday evening from 7:00 PM to 11:00 PM. ([thearora.com](https://www.thearora.com/)),N/A,2026-03-27,7:00 PM,"505 Park Ave, New York, NY 10022, USA"
ARORA - L'art Du Cocktail,Live TRIO Performance,Weekly live trio performance providing piano-driven cocktail lounge music every Friday evening from 7:00 PM to 11:00 PM. ([thearora.com](https://www.thearora.com/)),N/A,2026-04-03,7:00 PM,"505 Park Ave, New York, NY 10022, USA"
The Vale Public House NYC,Live Music Night (Cover Acts),"Weekly Thursday live music night. This is the fourth-Thursday slot, showcasing cover acts.",N/A,2026-03-26,7:00 PM,"3473 Broadway, New York, NY 10031, USA"
The Vale Public House NYC,Karaoke with Tyler,"Tuesday karaoke hosted by Tyler — an intimate sing-along night for patrons to sing, drink, and hang out.",N/A,2026-03-31,9:00 PM,"3473 Broadway, New York, NY 10031, USA"
The Vale Public House NYC,Trivia (NYC Trivia League),Weekly Wednesday trivia night hosted by NYC Trivia League — pub-style trivia for teams and individuals.,N/A,2026-04-01,8:00 PM,"3473 Broadway, New York, NY 10031, USA"
The Vale Public House NYC,Live Music Night (Big City Folk Song Club),First-Thursday live music night featuring Big City Folk Song Club — a recurring folk-music showcase.,N/A,2026-04-02,7:00 PM,"3473 Broadway, New York, NY 10031, USA"
The Vale Public House NYC,Karaoke with Tyler,"Tuesday karaoke hosted by Tyler — an intimate sing-along night for patrons to sing, drink, and hang out.",N/A,2026-04-07,9:00 PM,"3473 Broadway, New York, NY 10031, USA"
The Vale Public House NYC,Trivia (NYC Trivia League),Weekly Wednesday trivia night hosted by NYC Trivia League — pub-style trivia for teams and individuals.,N/A,2026-04-08,8:00 PM,"3473 Broadway, New York, NY 10031, USA"
The Vale Public House NYC,Live Music Night (Local Artists),Second-Thursday live music night showcasing local artists as part of the venue's monthly rotation.,N/A,2026-04-09,7:00 PM,"3473 Broadway, New York, NY 10031, USA"
Sir Henry’s,Broadway Girl Dinner,Dinner service with themed cocktails and a drink package option. $30 for 90 minutes of unlimited drinks (available with purchase of an entree).,$30 (90 min unlimited drinks; with purchase of an entree),2026-03-26,4:00 PM,"795 8th Ave 1st Fl, New York, NY 10019, USA"
Sir Henry’s,Broadway Girl Dinner,Dinner service with themed cocktails and a drink package option. $30 for 90 minutes of unlimited drinks (available with purchase of an entree).,$30 (90 min unlimited drinks; with purchase of an entree),2026-03-27,4:00 PM,"795 8th Ave 1st Fl, New York, NY 10019, USA"
Sir Henry’s,DJ Nights,Late-night DJ sets and dancing on Friday nights. Runs Friday–Saturday evenings with DJs spinning from late night into the early morning.,N/A,2026-03-27,9:00 PM,"795 8th Ave 1st Fl, New York, NY 10019, USA"
Sir Henry’s,Broadway Girl Dinner,Dinner service with themed cocktails and a drink package option. $30 for 90 minutes of unlimited drinks (available with purchase of an entree).,$30 (90 min unlimited drinks; with purchase of an entree),2026-03-28,4:00 PM,"795 8th Ave 1st Fl, New York, NY 10019, USA"
Sir Henry’s,DJ Nights,Late-night DJ sets and dancing on Saturday nights. Runs Friday–Saturday evenings with DJs spinning from late night into the early morning.,N/A,2026-03-28,9:00 PM,"795 8th Ave 1st Fl, New York, NY 10019, USA"
Sir Henry’s,Broadway Girl Dinner,Dinner service with themed cocktails and a drink package option. $30 for 90 minutes of unlimited drinks (available with purchase of an entree).,$30 (90 min unlimited drinks; with purchase of an entree),2026-03-29,4:00 PM,"795 8th Ave 1st Fl, New York, NY 10019, USA"
Sir Henry’s,Tiny Tinis,Mini martinis available for $12 — perfect for sampling or a light nightcap. Offered evenings Sun–Tue from 8PM until close.,$12,2026-03-29,8:00 PM,"795 8th Ave 1st Fl, New York, NY 10019, USA"
Sir Henry’s,Tiny Tinis,Mini martinis available for $12 — perfect for sampling or a light nightcap. Offered evenings Sun–Tue from 8PM until close.,$12,2026-03-30,8:00 PM,"795 8th Ave 1st Fl, New York, NY 10019, USA"
Sir Henry’s,Tiny Tinis,Mini martinis available for $12 — perfect for sampling or a light nightcap. Offered evenings Sun–Tue from 8PM until close.,$12,2026-03-31,8:00 PM,"795 8th Ave 1st Fl, New York, NY 10019, USA"
Sir Henry’s,Broadway Girl Dinner,Dinner service with themed cocktails and a drink package option. $30 for 90 minutes of unlimited drinks (available with purchase of an entree).,$30 (90 min unlimited drinks; with purchase of an entree),2026-04-01,4:00 PM,"795 8th Ave 1st Fl, New York, NY 10019, USA"
Sir Henry’s,Broadway Girl Dinner,Dinner service with themed cocktails and a drink package option. $30 for 90 minutes of unlimited drinks (available with purchase of an entree).,$30 (90 min unlimited drinks; with purchase of an entree),2026-04-02,4:00 PM,"795 8th Ave 1st Fl, New York, NY 10019, USA"
Sir Henry’s,Broadway Girl Dinner,Dinner service with themed cocktails and a drink package option. $30 for 90 minutes of unlimited drinks (available with purchase of an entree).,$30 (90 min unlimited drinks; with purchase of an entree),2026-04-03,4:00 PM,"795 8th Ave 1st Fl, New York, NY 10019, USA"
Sir Henry’s,DJ Nights,Late-night DJ sets and dancing on Friday nights. Runs Friday–Saturday evenings with DJs spinning from late night into the early morning.,N/A,2026-04-03,9:00 PM,"795 8th Ave 1st Fl, New York, NY 10019, USA"
Sir Henry’s,Broadway Girl Dinner,Dinner service with themed cocktails and a drink package option. $30 for 90 minutes of unlimited drinks (available with purchase of an entree).,$30 (90 min unlimited drinks; with purchase of an entree),2026-04-04,4:00 PM,"795 8th Ave 1st Fl, New York, NY 10019, USA"
Sir Henry’s,DJ Nights,Late-night DJ sets and dancing on Saturday nights. Runs Friday–Saturday evenings with DJs spinning from late night into the early morning.,N/A,2026-04-04,9:00 PM,"795 8th Ave 1st Fl, New York, NY 10019, USA"
Sir Henry’s,Broadway Girl Dinner,Dinner service with themed cocktails and a drink package option. $30 for 90 minutes of unlimited drinks (available with purchase of an entree).,$30 (90 min unlimited drinks; with purchase of an entree),2026-04-05,4:00 PM,"795 8th Ave 1st Fl, New York, NY 10019, USA"
Sir Henry’s,Tiny Tinis,Mini martinis available for $12 — perfect for sampling or a light nightcap. Offered evenings Sun–Tue from 8PM until close.,$12,2026-04-05,8:00 PM,"795 8th Ave 1st Fl, New York, NY 10019, USA"
Sir Henry’s,Tiny Tinis,Mini martinis available for $12 — perfect for sampling or a light nightcap. Offered evenings Sun–Tue from 8PM until close.,$12,2026-04-06,8:00 PM,"795 8th Ave 1st Fl, New York, NY 10019, USA"
Sir Henry’s,Tiny Tinis,Mini martinis available for $12 — perfect for sampling or a light nightcap. Offered evenings Sun–Tue from 8PM until close.,$12,2026-04-07,8:00 PM,"795 8th Ave 1st Fl, New York, NY 10019, USA"
Sir Henry’s,Broadway Girl Dinner,Dinner service with themed cocktails and a drink package option. $30 for 90 minutes of unlimited drinks (available with purchase of an entree).,$30 (90 min unlimited drinks; with purchase of an entree),2026-04-08,4:00 PM,"795 8th Ave 1st Fl, New York, NY 10019, USA"
Sir Henry’s,Broadway Girl Dinner,Dinner service with themed cocktails and a drink package option. $30 for 90 minutes of unlimited drinks (available with purchase of an entree).,$30 (90 min unlimited drinks; with purchase of an entree),2026-04-09,4:00 PM,"795 8th Ave 1st Fl, New York, NY 10019, USA"
The Dickens,Martini Monday,Weekly Martini Monday featuring discounted house martinis. House vodka or house gin martinis are $10; fries are available for an additional $3 with any martini.,$10 (House Martini); $3 (Fries),2026-03-30,4:00 PM,"783 8th Ave, New York, NY 10036, USA"
The Dickens,Taco Tuesday,Weekly Taco Tuesday specials with discounted tacos and margaritas. Tacos are $12 and margaritas are $10.,$12 (Tacos); $10 (Margaritas),2026-03-31,4:00 PM,"783 8th Ave, New York, NY 10036, USA"
The Dickens,Martini Monday,Weekly Martini Monday featuring discounted house martinis. House vodka or house gin martinis are $10; fries are available for an additional $3 with any martini.,$10 (House Martini); $3 (Fries),2026-04-06,4:00 PM,"783 8th Ave, New York, NY 10036, USA"
The Dickens,Taco Tuesday,Weekly Taco Tuesday specials with discounted tacos and margaritas. Tacos are $12 and margaritas are $10.,$12 (Tacos); $10 (Margaritas),2026-04-07,4:00 PM,"783 8th Ave, New York, NY 10036, USA"
Haswell Green's,The Big Woozy Band & Kelsey Pierce,"A live band performance featuring The Big Woozy with guest Kelsey Pierce playing a mix of soul, rock, '70s classics and contemporary hits. High-energy evening show in the venue's main performance space.",N/A,2026-03-26,10:00 PM,"240 W 52nd St, New York, NY 10019, USA"
Haswell Green's,Flying Ivories Dueling Pianos,"Interactive dueling pianos where the audience controls the set list, covering songs from a wide range of artists and genres. A participatory, late-night piano show.",N/A,2026-03-27,10:00 PM,"240 W 52nd St, New York, NY 10019, USA"
Haswell Green's,Flying Ivories Dueling Pianos,"Interactive dueling pianos where the audience controls the set list, covering songs from a wide range of artists and genres. A participatory, late-night piano show.",N/A,2026-03-28,10:00 PM,"240 W 52nd St, New York, NY 10019, USA"
Haswell Green's,Madame Daley & The Starchild Band,"Madame Daley leads a glam-infused band performance combining vintage Hollywood, glam rock, and disco-influenced energy. A theatrical, high-energy Sunday night show.",N/A,2026-03-29,9:00 PM,"240 W 52nd St, New York, NY 10019, USA"
Haswell Green's,Live Band Karaoke,Sing with a real live rock band (Savannah Jaine & The Smokeshow) and enjoy drink specials and prizes on the night. Audience members take the stage to perform with the band.,N/A,2026-03-30,9:30 PM,"240 W 52nd St, New York, NY 10019, USA"
Haswell Green's,Madame Daley | Lauren Craig,Tuesdays feature alternating performances by Madame Daley and Lauren Craig; expect intimate vocal-driven sets and theatrical flair. The two artists alternate weekly for a varied Tuesday night show.,N/A,2026-03-31,9:30 PM,"240 W 52nd St, New York, NY 10019, USA"
Haswell Green's,Alan Buko Request Show,An all-request show where Alan Buko performs crowd-selected songs spanning genres from pop to rock. A sing-along Wednesday night with a wide-ranging repertoire.,N/A,2026-04-01,9:00 PM,"240 W 52nd St, New York, NY 10019, USA"
Haswell Green's,The Big Woozy Band & Kelsey Pierce,"A live band performance featuring The Big Woozy with guest Kelsey Pierce playing a mix of soul, rock, '70s classics and contemporary hits. High-energy evening show in the venue's main performance space.",N/A,2026-04-02,10:00 PM,"240 W 52nd St, New York, NY 10019, USA"
Haswell Green's,Flying Ivories Dueling Pianos,"Interactive dueling pianos where the audience controls the set list, covering songs from a wide range of artists and genres. A participatory, late-night piano show.",N/A,2026-04-03,10:00 PM,"240 W 52nd St, New York, NY 10019, USA"
Haswell Green's,Flying Ivories Dueling Pianos,"Interactive dueling pianos where the audience controls the set list, covering songs from a wide range of artists and genres. A participatory, late-night piano show.",N/A,2026-04-04,10:00 PM,"240 W 52nd St, New York, NY 10019, USA"
Haswell Green's,Madame Daley & The Starchild Band,"Madame Daley leads a glam-infused band performance combining vintage Hollywood, glam rock, and disco-influenced energy. A theatrical, high-energy Sunday night show.",N/A,2026-04-05,9:00 PM,"240 W 52nd St, New York, NY 10019, USA"
Haswell Green's,Live Band Karaoke,Sing with a real live rock band (Savannah Jaine & The Smokeshow) and enjoy drink specials and prizes on the night. Audience members take the stage to perform with the band.,N/A,2026-04-06,9:30 PM,"240 W 52nd St, New York, NY 10019, USA"
Haswell Green's,Madame Daley | Lauren Craig,Tuesdays feature alternating performances by Madame Daley and Lauren Craig; expect intimate vocal-driven sets and theatrical flair. The two artists alternate weekly for a varied Tuesday night show.,N/A,2026-04-07,9:30 PM,"240 W 52nd St, New York, NY 10019, USA"
Haswell Green's,Alan Buko Request Show,An all-request show where Alan Buko performs crowd-selected songs spanning genres from pop to rock. A sing-along Wednesday night with a wide-ranging repertoire.,N/A,2026-04-08,9:00 PM,"240 W 52nd St, New York, NY 10019, USA"
Madame George,Brian Vaulx,Live music performance by Brian Vaulx at Madame George. Part of the venue's live music schedule.,N/A,2026-03-26,8:30 PM,"45 W 45th St, New York, NY 10036, USA"
Madame George,Seydurah Avecmoi,Live music performance by Seydurah Avecmoi at Madame George. Part of the venue's live music schedule.,N/A,2026-03-27,9:30 PM,"45 W 45th St, New York, NY 10036, USA"
Madame George,Brendan Polk,Live music performance by Brendan Polk at Madame George. Part of the venue's live music schedule.,N/A,2026-03-28,9:30 PM,"45 W 45th St, New York, NY 10036, USA"
Madame George,Broadway Night Off,Broadway Night Off — a weekly Broadway-themed night at Madame George. Presented as part of the venue's live music/entertainment programming.,N/A,2026-03-30,7:30 PM,"45 W 45th St, New York, NY 10036, USA"
Madame George,Snack Cat,Live music performance by Snack Cat at Madame George. Part of the venue's live music schedule.,N/A,2026-03-31,8:30 PM,"45 W 45th St, New York, NY 10036, USA"
The Dead Rabbit,Sunday Seisiún,"Live Irish music in The Taproom Extension featuring the house band with fiddles, guitars, uilleann pipes, banjos, and bodhráns. The musicians vary weekly and the set runs every Sunday evening.",N/A,2026-03-29,6:00 PM,"30 Water St, New York, NY 10004, USA"
The Dead Rabbit,Sunday Seisiún,"Live Irish music in The Taproom Extension featuring the house band with fiddles, guitars, uilleann pipes, banjos, and bodhráns. The musicians vary weekly and the set runs every Sunday evening.",N/A,2026-04-05,6:00 PM,"30 Water St, New York, NY 10004, USA"
The Wallace Lounge,Peter & the Master Keys trio,Throwback music blending cool sophistication with rootsy soul; a set aimed at both older and younger listeners.,N/A,2026-03-26,7:00 PM,"242 W 76th St, New York, NY 10023, USA"
The Wallace Lounge,Adam Kubota trio,A versatile bassist performing with a group of talented artists in a dynamic jazz set.,N/A,2026-03-27,7:00 PM,"242 W 76th St, New York, NY 10023, USA"
The Wallace Lounge,Evan Schwam trio,Saxophonist Evan Schwam (member of NEA Jazz Master Chico Hamilton’s Euphoria band) leads an energetic trio.,N/A,2026-03-28,7:00 PM,"242 W 76th St, New York, NY 10023, USA"
The Wallace Lounge,Ben Rosenblum,"Talented jazz pianist and accordionist delivering tasteful, reverent performances.",N/A,2026-03-29,7:00 PM,"242 W 76th St, New York, NY 10023, USA"
The Wallace Lounge,Andrea Veneziani trio,"Bassist-led trio featuring Kenny Werner and Ross Pederson, showcasing bop sensibility and experimental ideas.",N/A,2026-04-02,7:00 PM,"242 W 76th St, New York, NY 10023, USA"
The Wallace Lounge,Danny Sinoff trio,"An engaging trio led by Danny Sinoff, known for charismatic stage presence and strong musical command.",N/A,2026-04-03,7:00 PM,"242 W 76th St, New York, NY 10023, USA"
The Wallace Lounge,Ben Golder-Nivick trio,A lively instrumental trio celebrating nostalgia through spirited performances.,N/A,2026-04-04,7:00 PM,"242 W 76th St, New York, NY 10023, USA"
The Wallace Lounge,Matt Baker & Daniel Glass trio,An award-winning drummer (Daniel Glass) and pianist (Matt Baker) team up for an unforgettable jazz show.,N/A,2026-04-05,7:00 PM,"242 W 76th St, New York, NY 10023, USA"
The Wallace Lounge,Ben Rosenblum,"Talented jazz pianist and accordionist delivering tasteful, reverent performances.",N/A,2026-04-06,7:00 PM,"242 W 76th St, New York, NY 10023, USA"
MAD Bar and Lounge,Hector Martignon — Latin Jazz,Latin jazz performance by Hector Martignon in MAD’s piano room. Live jazz takes place nightly with complimentary admission.,Complimentary,2026-03-26,8:00 PM,"22 E 38th St, New York, NY 10016, USA"
MAD Bar and Lounge,Denis Liburd — Contemporary Piano,Contemporary piano set by Denis Liburd in the piano room. Live nightly jazz with no cover charge.,Complimentary,2026-03-30,7:00 PM,"22 E 38th St, New York, NY 10016, USA"
MAD Bar and Lounge,Peter and the Masterkeys — Classic Jazz and Blues,Classic jazz and blues performance by Peter and the Masterkeys. Evening live music with complimentary admission.,Complimentary,2026-03-31,8:00 PM,"22 E 38th St, New York, NY 10016, USA"
MAD Bar and Lounge,The Colin Heshmat Trio — Modern Jazz,Modern jazz set by The Colin Heshmat Trio in the piano room. Live nightly music with no entry cover.,Complimentary,2026-04-01,8:00 PM,"22 E 38th St, New York, NY 10016, USA"
MAD Bar and Lounge,Hector Martignon — Latin Jazz,Latin jazz performance by Hector Martignon in MAD’s piano room. Live jazz takes place nightly with complimentary admission.,Complimentary,2026-04-02,8:00 PM,"22 E 38th St, New York, NY 10016, USA"
MAD Bar and Lounge,Denis Liburd — Contemporary Piano,Contemporary piano set by Denis Liburd in the piano room. Live nightly jazz with no cover charge.,Complimentary,2026-04-06,7:00 PM,"22 E 38th St, New York, NY 10016, USA"
MAD Bar and Lounge,Peter and the Masterkeys — Classic Jazz and Blues,Classic jazz and blues performance by Peter and the Masterkeys. Evening live music with complimentary admission.,Complimentary,2026-04-07,8:00 PM,"22 E 38th St, New York, NY 10016, USA"
MAD Bar and Lounge,The Colin Heshmat Trio — Modern Jazz,Modern jazz set by The Colin Heshmat Trio in the piano room. Live nightly music with no entry cover.,Complimentary,2026-04-08,8:00 PM,"22 E 38th St, New York, NY 10016, USA"
The Grisly Pear - Midtown,March Comedy Madness 2026 (Elite 8 – 10 Minute Sets),A March Comedy Madness bracket event featuring eight comedians performing 10-minute sets. Part of the club's comedy competition series.,N/A,2026-03-26,9:30 PM,"243 W 54th St, New York, NY 10019, USA"
The Grisly Pear - Midtown,Friday Night Comedy Show at The Grisly Pear Midtown,An evening stand-up comedy show showcasing NYC comics and touring performers. Expect a mix of established and up-and-coming talent.,N/A,2026-03-27,7:30 PM,"243 W 54th St, New York, NY 10019, USA"
The Grisly Pear - Midtown,Late Night Comedy Show at The Grisly Pear Midtown,"Late-night stand-up comedy set in the Midtown club's back room featuring a rotating lineup of comedians. Casual, late-hour comedy with shorter sets.",N/A,2026-03-27,9:30 PM,"243 W 54th St, New York, NY 10019, USA"
The Grisly Pear - Midtown,Comedy Show at The Grisly Pear Midtown,An evening comedy performance featuring a curated roster of NYC comedians. The show offers a theater-like back room experience with food and drinks available.,N/A,2026-03-28,8:15 PM,"243 W 54th St, New York, NY 10019, USA"
The Grisly Pear - Midtown,Late Night Comedy Show at The Grisly Pear Midtown,"A late-night comedy show with rotating comics and shorter, high-energy sets. Ideal for late-evening entertainment in Midtown.",N/A,2026-03-28,10:15 PM,"243 W 54th St, New York, NY 10019, USA"
The Grisly Pear - Midtown,Sunday Night Comedy Show at The Grisly Pear Midtown,A Sunday night stand-up show featuring a lineup of New York comics. A relaxed end-of-week show with a variety of comedic styles.,N/A,2026-03-29,7:30 PM,"243 W 54th St, New York, NY 10019, USA"
The Grisly Pear - Midtown,Late Night Comedy Show at The Grisly Pear Midtown,Late-night comedy featuring rotating performers and shorter sets in the club's back room. A lively option for late-evening laughs.,N/A,2026-03-29,9:30 PM,"243 W 54th St, New York, NY 10019, USA"
The Grisly Pear - Midtown,Monday Night Comedy Show at The Grisly Pear Midtown,A Monday evening stand-up showcase with local and visiting comedians. Expect a mix of polished and emerging acts.,N/A,2026-03-30,7:30 PM,"243 W 54th St, New York, NY 10019, USA"
The Grisly Pear - Midtown,Late Night Comedy Show at The Grisly Pear Midtown,A late-night comedy set featuring a rotating bill of comedians. Shorter sets and a lively after-hours atmosphere.,N/A,2026-03-30,9:30 PM,"243 W 54th St, New York, NY 10019, USA"
The Grisly Pear - Midtown,New Joke Night at the Grisly Pear Midtown,An open/new material night where comics test new jokes and workshopping is encouraged. Multiple time slots on the same night showcase different lineups.,N/A,2026-03-31,7:00 PM,"243 W 54th St, New York, NY 10019, USA"
The Grisly Pear - Midtown,New Joke Night at the Grisly Pear Midtown,An open/new material night where comics test new jokes and workshopping is encouraged. Multiple time slots on the same night showcase different lineups.,N/A,2026-03-31,9:00 PM,"243 W 54th St, New York, NY 10019, USA"
The Grisly Pear - Midtown,New Joke Night at the Grisly Pear Midtown,An open/new material night where comics test new jokes and workshopping is encouraged. Multiple time slots on the same night showcase different lineups.,N/A,2026-03-31,10:30 PM,"243 W 54th St, New York, NY 10019, USA"
The Grisly Pear - Midtown,"Lectures on Tap - ""Pentecostal Snake Handling & Ecological Relationality""",A Lectures on Tap event where a speaker presents a thought-provoking lecture in a bar setting. This session explores Pentecostal snake handling and ecological relationality.,N/A,2026-04-02,6:30 PM,"243 W 54th St, New York, NY 10019, USA"
The Grisly Pear - Midtown,March Comedy Madness 2026 (Final Round),The final round of the March Comedy Madness competition featuring top comedians from the bracket. A competitive showcase with longer sets for finalists.,N/A,2026-04-02,9:30 PM,"243 W 54th St, New York, NY 10019, USA"
The Grisly Pear - Midtown,9:30PM Comedy Show at The Grisly Pear Midtown,An evening comedy show featuring a rotating lineup of NYC comedians and touring acts. The club offers a lively comedy club experience near Times Square.,N/A,2026-04-03,9:30 PM,"243 W 54th St, New York, NY 10019, USA"
The Grisly Pear - Midtown,7:30PM Comedy Show at The Grisly Pear Midtown,An evening stand-up comedy show featuring a curated lineup of comedians. Food and drinks are available during the performance.,N/A,2026-04-04,7:30 PM,"243 W 54th St, New York, NY 10019, USA"
The Grisly Pear - Midtown,9:30PM Comedy Show at The Grisly Pear Midtown,A late evening comedy showcase with rotating performers from the NYC scene. Expect a mix of established and emerging comics.,N/A,2026-04-04,9:30 PM,"243 W 54th St, New York, NY 10019, USA"
The Grisly Pear - Midtown,7:30PM Comedy Show at The Grisly Pear Midtown,An evening comedy performance featuring local and visiting comedians in the Midtown back room. Casual atmosphere with food and drinks.,N/A,2026-04-05,7:30 PM,"243 W 54th St, New York, NY 10019, USA"
The Grisly Pear - Midtown,9:30PM Comedy Show at The Grisly Pear Midtown,A late-night comedy show featuring a rotating bill of comedians and shorter sets. Good for late-evening entertainment.,N/A,2026-04-05,9:30 PM,"243 W 54th St, New York, NY 10019, USA"
The Grisly Pear - Midtown,9:30PM Comedy Show at The Grisly Pear Midtown,An evening comedy showcase with a lineup of NYC comedians and touring acts. The club offers a theater-like back room experience.,N/A,2026-04-06,9:30 PM,"243 W 54th St, New York, NY 10019, USA"
The Grisly Pear - Midtown,New Joke Night at the Grisly Pear Midtown,An open/new material night where comics test new jokes and get feedback. Multiple time slots let different comics perform throughout the evening.,N/A,2026-04-07,7:00 PM,"243 W 54th St, New York, NY 10019, USA"
The Grisly Pear - Midtown,New Joke Night at the Grisly Pear Midtown,An open/new material night where comics test new jokes and get feedback. Multiple time slots let different comics perform throughout the evening.,N/A,2026-04-07,9:00 PM,"243 W 54th St, New York, NY 10019, USA"
The Grisly Pear - Midtown,New Joke Night at the Grisly Pear Midtown,An open/new material night where comics test new jokes and get feedback. Multiple time slots let different comics perform throughout the evening.,N/A,2026-04-07,10:30 PM,"243 W 54th St, New York, NY 10019, USA"
The Grisly Pear - Midtown,NYC KARAOKE!,"NYC Karaoke team competition and mixer night at The Grisly Pear Midtown. Teams, free agents, and small groups are invited to join the karaoke league and compete.",N/A,2026-04-08,7:30 PM,"243 W 54th St, New York, NY 10019, USA"
Hex & Company,Lorcana League,Weekly Disney Lorcana organized play where players meet to play matches and practice decks in a casual/competitive league format.,N/A,2026-03-26,6:00 PM,"2911 Broadway, New York, NY 10025, USA"
Hex & Company,SWU Constructed Weekly,Weekly Star Wars Unlimited organized play (Draft or Constructed) with multiple rounds of play for local players.,N/A,2026-03-27,7:00 PM,"2911 Broadway, New York, NY 10025, USA"
Hex & Company,Riftbound Weekly Play (Nexus Nights),Weekly Riftbound TCG play night featuring structured rounds (Tuesday/Friday formats listed on the venue page).,$15,2026-03-27,7:00 PM,"2911 Broadway, New York, NY 10025, USA"
Hex & Company,MTG Friday — Individual,Weekly Magic: The Gathering Friday evening individual event (organized play session).,N/A,2026-03-27,7:30 PM,"2911 Broadway, New York, NY 10025, USA"
Hex & Company,MTG Saturday — FB Team Trios,Saturday Magic event (FB Team Trios) — organized team play session with scheduled start time.,N/A,2026-03-28,4:30 PM,"2911 Broadway, New York, NY 10025, USA"
Hex & Company,MTG Sunday — 2HG,Sunday Magic 2-Headed Giant (2HG) organized play session for teams of two.,N/A,2026-03-29,4:30 PM,"2911 Broadway, New York, NY 10025, USA"
Hex & Company,Standard Showdown,Weekly Standard Showdown — organized Magic: The Gathering Standard-format event for local players.,N/A,2026-03-30,7:00 PM,"2911 Broadway, New York, NY 10025, USA"
Hex & Company,Commander Night,Weekly Commander (EDH) night — multiplayer casual/competitive Commander games hosted by the venue.,N/A,2026-03-31,6:00 PM,"2911 Broadway, New York, NY 10025, USA"
Hex & Company,Pauper League,Weekly Pauper League — organized play focused on the Pauper Magic format for local participants.,N/A,2026-03-31,7:00 PM,"2911 Broadway, New York, NY 10025, USA"
Hex & Company,Riftbound Weekly Play (Nexus Nights),Weekly Riftbound TCG play night featuring structured rounds (Tuesday/Friday formats listed on the venue page).,$15,2026-03-31,7:00 PM,"2911 Broadway, New York, NY 10025, USA"
Hex & Company,Modern Magic,Weekly Modern-format Magic: The Gathering event for players to compete in Modern matches.,N/A,2026-04-01,6:30 PM,"2911 Broadway, New York, NY 10025, USA"
Hex & Company,Lorcana League,Weekly Disney Lorcana organized play where players meet to play matches and practice decks in a casual/competitive league format.,N/A,2026-04-02,6:00 PM,"2911 Broadway, New York, NY 10025, USA"
Hex & Company,FNM Commander Night,Friday Night Magic Commander night — casual/organized commander games for the community.,N/A,2026-04-03,6:00 PM,"2911 Broadway, New York, NY 10025, USA"
Hex & Company,SWU Constructed Weekly,Weekly Star Wars Unlimited organized play (Draft or Constructed) with multiple rounds of play for local players.,N/A,2026-04-03,7:00 PM,"2911 Broadway, New York, NY 10025, USA"
Hex & Company,Riftbound Weekly Play (Nexus Nights),Weekly Riftbound TCG play night featuring structured rounds (Tuesday/Friday formats listed on the venue page).,$15,2026-04-03,7:00 PM,"2911 Broadway, New York, NY 10025, USA"
Hex & Company,MTG Friday — Individual,Weekly Magic: The Gathering Friday evening individual event (organized play session).,N/A,2026-04-03,7:30 PM,"2911 Broadway, New York, NY 10025, USA"
Hex & Company,MTG Saturday — FB Team Trios,Saturday Magic event (FB Team Trios) — organized team play session with scheduled start time.,N/A,2026-04-04,4:30 PM,"2911 Broadway, New York, NY 10025, USA"
Hex & Company,MTG Sunday — 2HG,Sunday Magic 2-Headed Giant (2HG) organized play session for teams of two.,N/A,2026-04-05,4:30 PM,"2911 Broadway, New York, NY 10025, USA"
Hex & Company,Standard Showdown,Weekly Standard Showdown — organized Magic: The Gathering Standard-format event for local players.,N/A,2026-04-06,7:00 PM,"2911 Broadway, New York, NY 10025, USA"
Hex & Company,Commander Night,Weekly Commander (EDH) night — multiplayer casual/competitive Commander games hosted by the venue.,N/A,2026-04-07,6:00 PM,"2911 Broadway, New York, NY 10025, USA"
Hex & Company,Pauper League,Weekly Pauper League — organized play focused on the Pauper Magic format for local participants.,N/A,2026-04-07,7:00 PM,"2911 Broadway, New York, NY 10025, USA"
Hex & Company,Riftbound Weekly Play (Nexus Nights),Weekly Riftbound TCG play night featuring structured rounds (Tuesday/Friday formats listed on the venue page).,$15,2026-04-07,7:00 PM,"2911 Broadway, New York, NY 10025, USA"
Hex & Company,Modern Magic,Weekly Modern-format Magic: The Gathering event for players to compete in Modern matches.,N/A,2026-04-08,6:30 PM,"2911 Broadway, New York, NY 10025, USA"
SPIN New York Midtown,Sip & Smash,"Sip & Smash is a late-night promotion featuring late-night bites, unbeatable drink specials, and half-off ping pong. It runs every Friday night at the venue.",N/A,2026-03-27,N/A,"1626 Broadway, New York, NY 10019, USA"
SPIN New York Midtown,Sip & Smash,"Sip & Smash is a late-night promotion featuring late-night bites, unbeatable drink specials, and half-off ping pong. It runs every Saturday night at the venue.",N/A,2026-03-28,N/A,"1626 Broadway, New York, NY 10019, USA"
SPIN New York Midtown,Tuesday Night $9,"Weekly Tuesday night promotion offering $9 pricing after 9:00 PM for midweek fun, friendly competition, and plenty of laughs. Bookings are available via the venue.",$9,2026-03-31,9:00 PM,"1626 Broadway, New York, NY 10019, USA"
SPIN New York Midtown,Sip & Smash,"Sip & Smash is a late-night promotion featuring late-night bites, unbeatable drink specials, and half-off ping pong. It runs every Friday night at the venue.",N/A,2026-04-03,N/A,"1626 Broadway, New York, NY 10019, USA"
SPIN New York Midtown,Sip & Smash,"Sip & Smash is a late-night promotion featuring late-night bites, unbeatable drink specials, and half-off ping pong. It runs every Saturday night at the venue.",N/A,2026-04-04,N/A,"1626 Broadway, New York, NY 10019, USA"
SPIN New York Midtown,Tuesday Night $9,"Weekly Tuesday night promotion offering $9 pricing after 9:00 PM for midweek fun, friendly competition, and plenty of laughs. Bookings are available via the venue.",$9,2026-04-07,9:00 PM,"1626 Broadway, New York, NY 10019, USA"
Mess Hall Harlem,Martini Mondays,Weekly Monday special featuring $10 martinis available all night. Runs during regular business hours starting when the venue opens.,$10,2026-03-30,4:00 PM,"2194 Frederick Douglass Blvd, New York, NY 10026, USA"
Mess Hall Harlem,Trivia Tuesday,Weekly pub trivia night hosted at the bar with teams and prizes; reservations available via Instagram. Walk-ins welcome.,N/A,2026-03-31,7:00 PM,"2194 Frederick Douglass Blvd, New York, NY 10026, USA"
Mess Hall Harlem,Martini Mondays,Weekly Monday special featuring $10 martinis available all night. Runs during regular business hours starting when the venue opens.,$10,2026-04-06,4:00 PM,"2194 Frederick Douglass Blvd, New York, NY 10026, USA"
Mess Hall Harlem,Trivia Tuesday,Weekly pub trivia night hosted at the bar with teams and prizes; reservations available via Instagram. Walk-ins welcome.,N/A,2026-04-07,7:00 PM,"2194 Frederick Douglass Blvd, New York, NY 10026, USA"
Prohibition,Wood Vibrations,A New York–based acoustic trio that plays stripped-down arrangements of pop songs ranging from The Beatles to Rihanna.,N/A,2026-03-26,8:30 PM,"503 Columbus Ave, New York, NY 10024, USA"
Prohibition,Copy Copy,"An upbeat cover band performing a mix of feel-good, eclectic, decade-spanning songs designed to keep the crowd dancing.",N/A,2026-03-27,9:30 PM,"503 Columbus Ave, New York, NY 10024, USA"
Prohibition,The Memory Pain,"A high-energy cover band playing rock, pop, emo, and alternative hits from the 1990s through today.",N/A,2026-03-28,9:30 PM,"503 Columbus Ave, New York, NY 10024, USA"
Prohibition,Kya and Colin,Upper West Side duo performing sultry renditions spanning seven decades; the pair bring experience from international performances and cruise-ship work.,N/A,2026-03-29,7:30 PM,"503 Columbus Ave, New York, NY 10024, USA"
Prohibition,Alex Miller duo,"Alex Miller performs a wide variety of covers from classic rock and folk to 2000s pop, often taking requests and engaging the crowd.",N/A,2026-03-31,8:30 PM,"503 Columbus Ave, New York, NY 10024, USA"
Ashford & Simpson's Sugar Bar,OPEN MIC THURSDAYS (Hosted by JUNIOR SCAIFE),A weekly open mic night hosted by Junior Scaife showcasing local performers and talent. Audience members can attend to watch a variety of musical and spoken-word acts.,N/A,2026-03-26,8:00 PM,"254 W 72nd St, New York, NY 10023, USA"
Ashford & Simpson's Sugar Bar,DAMARA LYNN GREENE,Live music performance by vocalist Damara Lynn Greene featuring soulful and contemporary selections. An evening of live vocals with band accompaniment.,N/A,2026-03-27,8:00 PM,"254 W 72nd St, New York, NY 10023, USA"
Ashford & Simpson's Sugar Bar,LISA GAY w/ SPECIAL GUEST GINA ECKSTINE,Live performance by Lisa Gay with special guest Gina Eckstine offering soulful and jazz-inflected repertoire. A late-night vocal set highlighting both artists.,N/A,2026-03-28,9:00 PM,"254 W 72nd St, New York, NY 10023, USA"
Ashford & Simpson's Sugar Bar,ROB SILVERMAN & THE JAZZ QUARTET,Rob Silverman leads a jazz quartet performing jazz standards and original arrangements. An evening of live jazz music in an intimate setting.,N/A,2026-03-31,8:00 PM,"254 W 72nd St, New York, NY 10023, USA"
Coexist GameHouse,Playtest Pop-up,Indie game playtest pop-up featuring NYC developers in a vape-friendly environment; attendees playtest new games and give feedback. RSVP with the venue is requested on the event page.,N/A,2026-03-27,6:30 PM,"325 W 38th St Ground Floor, New York, NY 10018, USA"
Dolly's,After Dark Fridays,"Late-night Friday party with live DJs, dancing, and a late-night happy hour; the kitchen stays open late. Typically includes a discounted drink ticket for entry or redemption at the bar.",$8,2026-03-27,9:00 PM,"302 W 51st St, New York, NY 10019, USA"
Dolly's,Diva Nights,Saturday night DJ set playing diva anthems with a lively dance floor and late-night happy hour; diva behavior encouraged. Often offers a drink-ticket promotion redeemable at the bar.,$10,2026-03-28,9:00 PM,"302 W 51st St, New York, NY 10019, USA"
Dolly's,After Dark Fridays,"Late-night Friday party with live DJs, dancing, and a late-night happy hour; the kitchen stays open late. Typically includes a discounted drink ticket for entry or redemption at the bar.",$8,2026-04-03,9:00 PM,"302 W 51st St, New York, NY 10019, USA"
Dolly's,Diva Nights,Saturday night DJ set playing diva anthems with a lively dance floor and late-night happy hour; diva behavior encouraged. Often offers a drink-ticket promotion redeemable at the bar.,$10,2026-04-04,9:00 PM,"302 W 51st St, New York, NY 10019, USA"
Barcelona Bar,Happy Hour,"Weekday happy hour with discounted beers and drinks from 4:00 PM to 7:00 PM. Specials include $5 Miller Lite Draft, $5 Coors Lt./Tecate, $8 well drinks, and $10 margaritas.",$5–$10,2026-03-26,4:00 PM,"923 8th Ave, New York, NY 10019, USA"
Barcelona Bar,Happy Hour,"Weekday happy hour with discounted beers and drinks from 4:00 PM to 7:00 PM. Specials include $5 Miller Lite Draft, $5 Coors Lt./Tecate, $8 well drinks, and $10 margaritas.",$5–$10,2026-03-27,4:00 PM,"923 8th Ave, New York, NY 10019, USA"
Barcelona Bar,Trivia Night,Weekly trivia night held every Monday at 8:00 PM. Teams compete in trivia rounds (as listed on the venue's events page).,N/A,2026-03-30,8:00 PM,"923 8th Ave, New York, NY 10019, USA"
Barcelona Bar,Happy Hour,"Weekday happy hour with discounted beers and drinks from 4:00 PM to 7:00 PM. Specials include $5 Miller Lite Draft, $5 Coors Lt./Tecate, $8 well drinks, and $10 margaritas.",$5–$10,2026-03-31,4:00 PM,"923 8th Ave, New York, NY 10019, USA"
Barcelona Bar,Happy Hour,"Weekday happy hour with discounted beers and drinks from 4:00 PM to 7:00 PM. Specials include $5 Miller Lite Draft, $5 Coors Lt./Tecate, $8 well drinks, and $10 margaritas.",$5–$10,2026-04-01,4:00 PM,"923 8th Ave, New York, NY 10019, USA"
Barcelona Bar,Happy Hour,"Weekday happy hour with discounted beers and drinks from 4:00 PM to 7:00 PM. Specials include $5 Miller Lite Draft, $5 Coors Lt./Tecate, $8 well drinks, and $10 margaritas.",$5–$10,2026-04-02,4:00 PM,"923 8th Ave, New York, NY 10019, USA"
Barcelona Bar,Happy Hour,"Weekday happy hour with discounted beers and drinks from 4:00 PM to 7:00 PM. Specials include $5 Miller Lite Draft, $5 Coors Lt./Tecate, $8 well drinks, and $10 margaritas.",$5–$10,2026-04-03,4:00 PM,"923 8th Ave, New York, NY 10019, USA"
Barcelona Bar,Trivia Night,Weekly trivia night held every Monday at 8:00 PM. Teams compete in trivia rounds (as listed on the venue's events page).,N/A,2026-04-06,8:00 PM,"923 8th Ave, New York, NY 10019, USA"
Barcelona Bar,Happy Hour,"Weekday happy hour with discounted beers and drinks from 4:00 PM to 7:00 PM. Specials include $5 Miller Lite Draft, $5 Coors Lt./Tecate, $8 well drinks, and $10 margaritas.",$5–$10,2026-04-07,4:00 PM,"923 8th Ave, New York, NY 10019, USA"
Barcelona Bar,Happy Hour,"Weekday happy hour with discounted beers and drinks from 4:00 PM to 7:00 PM. Specials include $5 Miller Lite Draft, $5 Coors Lt./Tecate, $8 well drinks, and $10 margaritas.",$5–$10,2026-04-08,4:00 PM,"923 8th Ave, New York, NY 10019, USA"
e's BAR,Thursday Night Club,Thursday night club with $9.50 beer-and-shot combo promotions. Regular Thursday night programming at e's with drink specials.,$9.50,2026-03-26,4:00 PM,"511 Amsterdam Ave, New York, NY 10024, USA"
e's BAR,Jukebox Night,Jukebox night — the jukebox is active and songs are available for a dollar. A casual music night where patrons can pick tunes.,$1,2026-03-26,4:00 PM,"511 Amsterdam Ave, New York, NY 10024, USA"
e's BAR,Comedy Show,"Weekly Monday comedy showcase featuring New York comics, often including performers seen on major late-night and streaming platforms. Starts every Monday at 8 PM.",N/A,2026-03-30,8:00 PM,"511 Amsterdam Ave, New York, NY 10024, USA"
e's BAR,Trivia Night,Trivia Night presented by NYC Trivia League starting at 7 PM. Competitive trivia with a two-drink minimum per player.,$2,2026-03-31,7:00 PM,"511 Amsterdam Ave, New York, NY 10024, USA"
e's BAR,First Wednesdays Comedy,First Wednesday monthly comedy show at 8 PM featuring local performers and themed lineups. A featured comedy night on the first Wednesday of each month.,N/A,2026-04-01,8:00 PM,"511 Amsterdam Ave, New York, NY 10024, USA"
e's BAR,Wednesday Wine Special,Every Wednesday enjoy wine at a reduced price from the time the doors open until close. A weekly wine promotion during Wednesday hours.,N/A,2026-04-01,5:00 PM,"511 Amsterdam Ave, New York, NY 10024, USA"
e's BAR,Thursday Night Club,Thursday night club with $9.50 beer-and-shot combo promotions. Regular Thursday night programming at e's with drink specials.,$9.50,2026-04-02,4:00 PM,"511 Amsterdam Ave, New York, NY 10024, USA"
e's BAR,Jukebox Night,Jukebox night — the jukebox is active and songs are available for a dollar. A casual music night where patrons can pick tunes.,$1,2026-04-02,4:00 PM,"511 Amsterdam Ave, New York, NY 10024, USA"
e's BAR,Comedy Show,"Weekly Monday comedy showcase featuring New York comics, often including performers seen on major late-night and streaming platforms. Starts every Monday at 8 PM.",N/A,2026-04-06,8:00 PM,"511 Amsterdam Ave, New York, NY 10024, USA"
e's BAR,Trivia Night,Trivia Night presented by NYC Trivia League starting at 7 PM. Competitive trivia with a two-drink minimum per player.,$2,2026-04-07,7:00 PM,"511 Amsterdam Ave, New York, NY 10024, USA"
e's BAR,Wednesday Wine Special,Every Wednesday enjoy wine at a reduced price from the time the doors open until close. A weekly wine promotion during Wednesday hours.,N/A,2026-04-08,5:00 PM,"511 Amsterdam Ave, New York, NY 10024, USA"
Gebhard's Beer Culture,Happy Hour,"Unwind with discounted craft beers and well drinks during weekday happy hour. Specials typically include $3 10 oz. drafts and $7 well drinks, Monday through Thursday from 4:00 PM to 6:00 PM.",N/A,2026-03-26,4:00 PM,"228 W 72nd St, New York, NY 10023, USA"
Gebhard's Beer Culture,Happy Hour,"Unwind with discounted craft beers and well drinks during weekday happy hour. Specials typically include $3 10 oz. drafts and $7 well drinks, Monday through Thursday from 4:00 PM to 6:00 PM.",N/A,2026-03-30,4:00 PM,"228 W 72nd St, New York, NY 10023, USA"
Gebhard's Beer Culture,Trivia Night,"Weekly trivia night hosted by Immodest Trivia featuring five rounds of pen-and-paper questions, teams up to six players, and prizes such as drink tokens and bottle-shop rewards. Food and drink specials are often available during the event.",N/A,2026-03-30,7:00 PM,"228 W 72nd St, New York, NY 10023, USA"
Gebhard's Beer Culture,Happy Hour,"Unwind with discounted craft beers and well drinks during weekday happy hour. Specials typically include $3 10 oz. drafts and $7 well drinks, Monday through Thursday from 4:00 PM to 6:00 PM.",N/A,2026-03-31,4:00 PM,"228 W 72nd St, New York, NY 10023, USA"
Gebhard's Beer Culture,IFPA Pinball Tournament,Weekly IFPA-endorsed pinball tournament with sign-ups at 7:00 PM and play starting at 7:30 PM; features group match play and finals for top players. All skill levels welcome.,$6 + coin drop,2026-03-31,7:30 PM,"228 W 72nd St, New York, NY 10023, USA"
Gebhard's Beer Culture,Happy Hour,"Unwind with discounted craft beers and well drinks during weekday happy hour. Specials typically include $3 10 oz. drafts and $7 well drinks, Monday through Thursday from 4:00 PM to 6:00 PM.",N/A,2026-04-01,4:00 PM,"228 W 72nd St, New York, NY 10023, USA"
Gebhard's Beer Culture,Split The G Special,Weekly Wednesday 'Split the G' Guinness challenge where participants attempt to align the foam with the 'G' on the glass; successful attempts earn 50% off the next pint. The special runs starting at 4:00 PM on Wednesdays.,N/A,2026-04-01,4:00 PM,"228 W 72nd St, New York, NY 10023, USA"
Gebhard's Beer Culture,Happy Hour,"Unwind with discounted craft beers and well drinks during weekday happy hour. Specials typically include $3 10 oz. drafts and $7 well drinks, Monday through Thursday from 4:00 PM to 6:00 PM.",N/A,2026-04-02,4:00 PM,"228 W 72nd St, New York, NY 10023, USA"
Gebhard's Beer Culture,Happy Hour,"Unwind with discounted craft beers and well drinks during weekday happy hour. Specials typically include $3 10 oz. drafts and $7 well drinks, Monday through Thursday from 4:00 PM to 6:00 PM.",N/A,2026-04-06,4:00 PM,"228 W 72nd St, New York, NY 10023, USA"
Gebhard's Beer Culture,Trivia Night,"Weekly trivia night hosted by Immodest Trivia featuring five rounds of pen-and-paper questions, teams up to six players, and prizes such as drink tokens and bottle-shop rewards. Food and drink specials are often available during the event.",N/A,2026-04-06,7:00 PM,"228 W 72nd St, New York, NY 10023, USA"
Gebhard's Beer Culture,Happy Hour,"Unwind with discounted craft beers and well drinks during weekday happy hour. Specials typically include $3 10 oz. drafts and $7 well drinks, Monday through Thursday from 4:00 PM to 6:00 PM.",N/A,2026-04-07,4:00 PM,"228 W 72nd St, New York, NY 10023, USA"
Gebhard's Beer Culture,IFPA Pinball Tournament,Weekly IFPA-endorsed pinball tournament with sign-ups at 7:00 PM and play starting at 7:30 PM; features group match play and finals for top players. All skill levels welcome.,$6 + coin drop,2026-04-07,7:30 PM,"228 W 72nd St, New York, NY 10023, USA"
Gebhard's Beer Culture,Happy Hour,"Unwind with discounted craft beers and well drinks during weekday happy hour. Specials typically include $3 10 oz. drafts and $7 well drinks, Monday through Thursday from 4:00 PM to 6:00 PM.",N/A,2026-04-08,4:00 PM,"228 W 72nd St, New York, NY 10023, USA"
Gebhard's Beer Culture,Split The G Special,Weekly Wednesday 'Split the G' Guinness challenge where participants attempt to align the foam with the 'G' on the glass; successful attempts earn 50% off the next pint. The special runs starting at 4:00 PM on Wednesdays.,N/A,2026-04-08,4:00 PM,"228 W 72nd St, New York, NY 10023, USA"
Gebhard's Beer Culture,Happy Hour,"Unwind with discounted craft beers and well drinks during weekday happy hour. Specials typically include $3 10 oz. drafts and $7 well drinks, Monday through Thursday from 4:00 PM to 6:00 PM.",N/A,2026-04-09,4:00 PM,"228 W 72nd St, New York, NY 10023, USA"
Shrine,Yatenga French Bistro & Bar Happy Hour,"Daily happy hour at Yatenga from 4:00 PM–8:00 PM with drink and food specials. Includes discounted cocktails, wines, beers, wings and fries.",$6 Frozen Pina colada; $6 Frozen Margaritas; $5 house red & white wine; $6 Well drinks; $5 Draft beers,2026-03-26,4:00 PM,"2271 Adam Clayton Powell Jr Blvd, New York, NY 10030, USA"
Shrine,Broken Robots - Jazz Fusion,"Heavily improvised psychedelic jazz-rock led by vocalist Jack Daniel, blending influences from Zappa, Waits, Talking Heads, and jazz traditions.",N/A,2026-03-26,8:00 PM,"2271 Adam Clayton Powell Jr Blvd, New York, NY 10030, USA"
Shrine,CJ 2.0 - Alternative / Americana,"CJ 2.0 & The New Vibe perform a blend of Alternative, Indie, Indie Pop, and Folk with introspective lyrics and Americana influences.",N/A,2026-03-26,9:00 PM,"2271 Adam Clayton Powell Jr Blvd, New York, NY 10030, USA"
Shrine,Brewster Moonface - Blues,"A vocal-driven blues act with a minimalist, driving rhythm section that brings gritty, danceable blues to the stage.",N/A,2026-03-26,10:00 PM,"2271 Adam Clayton Powell Jr Blvd, New York, NY 10030, USA"
Shrine,Bloom - Fusion,A new local fusion band combining elements of jazz and alternative for an eclectic live sound.,N/A,2026-03-26,11:00 PM,"2271 Adam Clayton Powell Jr Blvd, New York, NY 10030, USA"
Shrine,Yatenga French Bistro & Bar Happy Hour,"Daily happy hour at Yatenga from 4:00 PM–8:00 PM with drink and food specials. Includes discounted cocktails, wines, beers, wings and fries.",$6 Frozen Pina colada; $6 Frozen Margaritas; $5 house red & white wine; $6 Well drinks; $5 Draft beers,2026-03-27,4:00 PM,"2271 Adam Clayton Powell Jr Blvd, New York, NY 10030, USA"
Shrine,The Dirts - Funk / Blues / Soul,"A hard-driving NYC cover band delivering a mix of funk, blues and soul spanning the 60s to the present, focused on danceable grooves.",N/A,2026-03-27,8:00 PM,"2271 Adam Clayton Powell Jr Blvd, New York, NY 10030, USA"
Shrine,LIC Groove,"A seasoned group from Long Island City playing soulful, mature music geared toward dancing and groove.",N/A,2026-03-27,10:00 PM,"2271 Adam Clayton Powell Jr Blvd, New York, NY 10030, USA"
Shrine,Yatenga French Bistro & Bar Happy Hour,"Daily happy hour at Yatenga from 4:00 PM–8:00 PM with drink and food specials. Includes discounted cocktails, wines, beers, wings and fries.",$6 Frozen Pina colada; $6 Frozen Margaritas; $5 house red & white wine; $6 Well drinks; $5 Draft beers,2026-03-28,4:00 PM,"2271 Adam Clayton Powell Jr Blvd, New York, NY 10030, USA"
Shrine,Michelle Ivory & Co - R&B / Funk / Reggae,"A group performing R&B, funk, and reggae with a focus on old-school hits given a fresh twist.",N/A,2026-03-28,8:00 PM,"2271 Adam Clayton Powell Jr Blvd, New York, NY 10030, USA"
Shrine,Oya Noire - R&B / Neo-Soul,"Oya Noire offers immersive, lyric-driven R&B and neo-soul performances at prominent NYC venues.",N/A,2026-03-28,9:00 PM,"2271 Adam Clayton Powell Jr Blvd, New York, NY 10030, USA"
Shrine,Danaya Band - Afrobeat,"An Afrobeat ensemble founded in NYC featuring West African–influenced rhythms and seasoned, world-traveled artists.",N/A,2026-03-28,10:00 PM,"2271 Adam Clayton Powell Jr Blvd, New York, NY 10030, USA"
Shrine,Yatenga French Bistro & Bar Happy Hour,"Daily happy hour at Yatenga from 4:00 PM–8:00 PM with drink and food specials. Includes discounted cocktails, wines, beers, wings and fries.",$6 Frozen Pina colada; $6 Frozen Margaritas; $5 house red & white wine; $6 Well drinks; $5 Draft beers,2026-03-29,4:00 PM,"2271 Adam Clayton Powell Jr Blvd, New York, NY 10030, USA"
Shrine,Golden - Jill Scott tribute / Soul,"A powerhouse ensemble delivering R&B, soul, and funk in a tribute to Jill Scott, featuring vocals, horns, keys, and deep grooves.",N/A,2026-03-29,8:00 PM,"2271 Adam Clayton Powell Jr Blvd, New York, NY 10030, USA"
Shrine,Jameel and Friends - R&B / Soul,Live music curated by Jameel and Friends presenting R&B and soul performances.,N/A,2026-03-29,9:00 PM,"2271 Adam Clayton Powell Jr Blvd, New York, NY 10030, USA"
Shrine,IBX - Hip Hop / R&B,A live project led by TheRealShakar blending hip-hop foundations with R&B warmth and live musicianship.,N/A,2026-03-29,10:00 PM,"2271 Adam Clayton Powell Jr Blvd, New York, NY 10030, USA"
Shrine,Paola Cruz - Soul,Soul and blues singer-songwriter Paola Cruz performs emotive songs that blend Southern grit with Latin influences.,N/A,2026-03-29,11:00 PM,"2271 Adam Clayton Powell Jr Blvd, New York, NY 10030, USA"
Shrine,Yatenga French Bistro & Bar Happy Hour,"Daily happy hour at Yatenga from 4:00 PM–8:00 PM with drink and food specials. Includes discounted cocktails, wines, beers, wings and fries.",$6 Frozen Pina colada; $6 Frozen Margaritas; $5 house red & white wine; $6 Well drinks; $5 Draft beers,2026-03-30,4:00 PM,"2271 Adam Clayton Powell Jr Blvd, New York, NY 10030, USA"
Shrine,Random Strangers Jam,An improvised psychedelic funk-rock jam session where audience musicians may rotate in; bring an instrument and sign up onsite.,N/A,2026-03-30,8:00 PM,"2271 Adam Clayton Powell Jr Blvd, New York, NY 10030, USA"
Shrine,Yatenga French Bistro & Bar Happy Hour,"Daily happy hour at Yatenga from 4:00 PM–8:00 PM with drink and food specials. Includes discounted cocktails, wines, beers, wings and fries.",$6 Frozen Pina colada; $6 Frozen Margaritas; $5 house red & white wine; $6 Well drinks; $5 Draft beers,2026-03-31,4:00 PM,"2271 Adam Clayton Powell Jr Blvd, New York, NY 10030, USA"
Shrine,Katryna - Indie Singer/Songwriter,Indie singer-songwriter Katryna performs intimate acoustic-driven songs inspired by artists like Alanis Morissette and Mitski.,N/A,2026-03-31,8:00 PM,"2271 Adam Clayton Powell Jr Blvd, New York, NY 10030, USA"
Shrine,E.R.O.S. - Alt Indie,A rising NYC alternative artist fusing grunge and soul into emotionally intense indie performances.,N/A,2026-03-31,9:00 PM,"2271 Adam Clayton Powell Jr Blvd, New York, NY 10030, USA"
Shrine,Troy Weekes Live Experience,"Troy Weekes presents a high-energy live experience featuring gospel, neo-soul and R&B vocals and performance elements.",N/A,2026-03-31,10:00 PM,"2271 Adam Clayton Powell Jr Blvd, New York, NY 10030, USA"
Shrine,Yatenga French Bistro & Bar Happy Hour,"Daily happy hour at Yatenga from 4:00 PM–8:00 PM with drink and food specials. Includes discounted cocktails, wines, beers, wings and fries.",$6 Frozen Pina colada; $6 Frozen Margaritas; $5 house red & white wine; $6 Well drinks; $5 Draft beers,2026-04-01,4:00 PM,"2271 Adam Clayton Powell Jr Blvd, New York, NY 10030, USA"
Shrine,Leni Stern Band - World Blues,Leni Stern blends contemporary jazz with West African styles for a genre-defying world blues performance.,N/A,2026-04-01,8:00 PM,"2271 Adam Clayton Powell Jr Blvd, New York, NY 10030, USA"
Shrine,Joey Ama Dio - Pop / Rock,Singer-songwriter Joey Ama Dio performs original pop/rock material drawing on her background in acting and vocals.,N/A,2026-04-01,9:00 PM,"2271 Adam Clayton Powell Jr Blvd, New York, NY 10030, USA"
Shrine,Famous Rapper - Rock,A Brooklyn trio delivering high-energy rock covers designed to get the crowd moving and engaged.,N/A,2026-04-01,10:00 PM,"2271 Adam Clayton Powell Jr Blvd, New York, NY 10030, USA"
Smoke Jazz & Supper Club,Kenny Barron Trio,"Acclaimed piano trio led by NEA Jazz Master Kenny Barron, featuring Kiyoshi Kitagawa (bass) and Johnathan Blake (drums). ([tickets.smokejazz.com](https://tickets.smokejazz.com/))",$25.00 / $50.00 / $60.00 / $65.00,2026-03-26,6:00 PM,"2751 Broadway, New York, NY 10025, USA"
Smoke Jazz & Supper Club,Kenny Barron Trio,"Acclaimed piano trio led by NEA Jazz Master Kenny Barron, featuring Kiyoshi Kitagawa (bass) and Johnathan Blake (drums). ([tickets.smokejazz.com](https://tickets.smokejazz.com/))",$25.00 / $50.00 / $60.00 / $65.00,2026-03-26,8:00 PM,"2751 Broadway, New York, NY 10025, USA"
Smoke Jazz & Supper Club,Kenny Barron Trio,"Acclaimed piano trio led by NEA Jazz Master Kenny Barron, featuring Kiyoshi Kitagawa (bass) and Johnathan Blake (drums). ([tickets.smokejazz.com](https://tickets.smokejazz.com/))",$25.00 / $50.00 / $60.00 / $65.00,2026-03-27,6:00 PM,"2751 Broadway, New York, NY 10025, USA"
Smoke Jazz & Supper Club,Kenny Barron Trio,"Acclaimed piano trio led by NEA Jazz Master Kenny Barron, featuring Kiyoshi Kitagawa (bass) and Johnathan Blake (drums). ([tickets.smokejazz.com](https://tickets.smokejazz.com/))",$25.00 / $50.00 / $60.00 / $65.00,2026-03-27,8:00 PM,"2751 Broadway, New York, NY 10025, USA"
Smoke Jazz & Supper Club,Kenny Barron Trio,"Acclaimed piano trio led by NEA Jazz Master Kenny Barron, featuring Kiyoshi Kitagawa (bass) and Johnathan Blake (drums). ([tickets.smokejazz.com](https://tickets.smokejazz.com/))",N/A,2026-03-27,10:00 PM,"2751 Broadway, New York, NY 10025, USA"
Smoke Jazz & Supper Club,Kenny Barron Trio,"Acclaimed piano trio led by NEA Jazz Master Kenny Barron, featuring Kiyoshi Kitagawa (bass) and Johnathan Blake (drums). ([tickets.smokejazz.com](https://tickets.smokejazz.com/))",$25.00 / $60.00 / $70.00 / $75.00,2026-03-28,6:00 PM,"2751 Broadway, New York, NY 10025, USA"
Smoke Jazz & Supper Club,Kenny Barron Trio,"Acclaimed piano trio led by NEA Jazz Master Kenny Barron, featuring Kiyoshi Kitagawa (bass) and Johnathan Blake (drums). ([tickets.smokejazz.com](https://tickets.smokejazz.com/))",$25.00 / $60.00 / $70.00 / $75.00,2026-03-28,8:00 PM,"2751 Broadway, New York, NY 10025, USA"
Smoke Jazz & Supper Club,Kenny Barron Trio,"Acclaimed piano trio led by NEA Jazz Master Kenny Barron, featuring Kiyoshi Kitagawa (bass) and Johnathan Blake (drums). ([tickets.smokejazz.com](https://tickets.smokejazz.com/))",N/A,2026-03-28,10:00 PM,"2751 Broadway, New York, NY 10025, USA"
Smoke Jazz & Supper Club,Kenny Barron Trio,"Acclaimed piano trio led by NEA Jazz Master Kenny Barron, featuring Kiyoshi Kitagawa (bass) and Johnathan Blake (drums). ([tickets.smokejazz.com](https://tickets.smokejazz.com/))",$25.00 / $50.00 / $60.00 / $65.00,2026-03-29,6:00 PM,"2751 Broadway, New York, NY 10025, USA"
Smoke Jazz & Supper Club,Kenny Barron Trio,"Acclaimed piano trio led by NEA Jazz Master Kenny Barron, featuring Kiyoshi Kitagawa (bass) and Johnathan Blake (drums). ([tickets.smokejazz.com](https://tickets.smokejazz.com/))",$25.00 / $50.00 / $60.00 / $65.00,2026-03-29,8:00 PM,"2751 Broadway, New York, NY 10025, USA"
Smoke Jazz & Supper Club,Wayne Escoffery with the ELEW Trio,Acclaimed tenor saxophonist Wayne Escoffery joins pianist ELEW and a dynamic trio for a high-voltage collaboration. ([tickets.smokejazz.com](https://tickets.smokejazz.com/)),$25.00 / $40.00 / $50.00 / $55.00,2026-04-01,6:00 PM,"2751 Broadway, New York, NY 10025, USA"
Smoke Jazz & Supper Club,Wayne Escoffery with the ELEW Trio,Acclaimed tenor saxophonist Wayne Escoffery joins pianist ELEW and a dynamic trio for a high-voltage collaboration. ([tickets.smokejazz.com](https://tickets.smokejazz.com/)),$25.00 / $40.00 / $50.00 / $55.00,2026-04-01,8:00 PM,"2751 Broadway, New York, NY 10025, USA"
Smoke Jazz & Supper Club,Wayne Escoffery with the ELEW Trio,Acclaimed tenor saxophonist Wayne Escoffery joins pianist ELEW and a dynamic trio for a high-voltage collaboration. ([tickets.smokejazz.com](https://tickets.smokejazz.com/)),$25.00 / $40.00 / $50.00 / $55.00,2026-04-02,6:00 PM,"2751 Broadway, New York, NY 10025, USA"
Smoke Jazz & Supper Club,Wayne Escoffery with the ELEW Trio,Acclaimed tenor saxophonist Wayne Escoffery joins pianist ELEW and a dynamic trio for a high-voltage collaboration. ([tickets.smokejazz.com](https://tickets.smokejazz.com/)),$25.00 / $40.00 / $50.00 / $55.00,2026-04-02,8:00 PM,"2751 Broadway, New York, NY 10025, USA"
Smoke Jazz & Supper Club,Wayne Escoffery with the ELEW Trio,Acclaimed tenor saxophonist Wayne Escoffery joins pianist ELEW and a dynamic trio for a high-voltage collaboration. ([tickets.smokejazz.com](https://tickets.smokejazz.com/)),$25.00 / $40.00 / $50.00 / $55.00,2026-04-03,6:00 PM,"2751 Broadway, New York, NY 10025, USA"
Smoke Jazz & Supper Club,Wayne Escoffery with the ELEW Trio,Acclaimed tenor saxophonist Wayne Escoffery joins pianist ELEW and a dynamic trio for a high-voltage collaboration. ([tickets.smokejazz.com](https://tickets.smokejazz.com/)),$25.00 / $40.00 / $50.00 / $55.00,2026-04-03,8:00 PM,"2751 Broadway, New York, NY 10025, USA"
Smoke Jazz & Supper Club,Wayne Escoffery with the ELEW Trio,Acclaimed tenor saxophonist Wayne Escoffery joins pianist ELEW and a dynamic trio for a high-voltage collaboration. ([tickets.smokejazz.com](https://tickets.smokejazz.com/)),N/A,2026-04-03,10:00 PM,"2751 Broadway, New York, NY 10025, USA"
Smoke Jazz & Supper Club,Wayne Escoffery with the ELEW Trio,Acclaimed tenor saxophonist Wayne Escoffery joins pianist ELEW and a dynamic trio for a high-voltage collaboration. ([tickets.smokejazz.com](https://tickets.smokejazz.com/)),$25.00 / $50.00 / $60.00 / $65.00,2026-04-04,6:00 PM,"2751 Broadway, New York, NY 10025, USA"
Smoke Jazz & Supper Club,Wayne Escoffery with the ELEW Trio,Acclaimed tenor saxophonist Wayne Escoffery joins pianist ELEW and a dynamic trio for a high-voltage collaboration. ([tickets.smokejazz.com](https://tickets.smokejazz.com/)),$25.00 / $50.00 / $60.00 / $65.00,2026-04-04,8:00 PM,"2751 Broadway, New York, NY 10025, USA"
Smoke Jazz & Supper Club,Wayne Escoffery with the ELEW Trio,Acclaimed tenor saxophonist Wayne Escoffery joins pianist ELEW and a dynamic trio for a high-voltage collaboration. ([tickets.smokejazz.com](https://tickets.smokejazz.com/)),N/A,2026-04-04,10:00 PM,"2751 Broadway, New York, NY 10025, USA"
Smoke Jazz & Supper Club,Wayne Escoffery with the ELEW Trio,Acclaimed tenor saxophonist Wayne Escoffery joins pianist ELEW and a dynamic trio for a high-voltage collaboration. ([tickets.smokejazz.com](https://tickets.smokejazz.com/)),$25.00 / $40.00 / $50.00 / $55.00,2026-04-05,6:00 PM,"2751 Broadway, New York, NY 10025, USA"
Smoke Jazz & Supper Club,Wayne Escoffery with the ELEW Trio,Acclaimed tenor saxophonist Wayne Escoffery joins pianist ELEW and a dynamic trio for a high-voltage collaboration. ([tickets.smokejazz.com](https://tickets.smokejazz.com/)),$25.00 / $40.00 / $50.00 / $55.00,2026-04-05,8:00 PM,"2751 Broadway, New York, NY 10025, USA"
Smoke Jazz & Supper Club,Kendrick Scott Quintet,"Acclaimed drummer and composer Kendrick Scott leads his quintet featuring Dayna Stephens, Simon Moullier, Kevin Hays, and Vicente Archer. ([tickets.smokejazz.com](https://tickets.smokejazz.com/))",$25.00 / $40.00 / $50.00 / $55.00,2026-04-08,6:00 PM,"2751 Broadway, New York, NY 10025, USA"
Smoke Jazz & Supper Club,Kendrick Scott Quintet,"Acclaimed drummer and composer Kendrick Scott leads his quintet featuring Dayna Stephens, Simon Moullier, Kevin Hays, and Vicente Archer. ([tickets.smokejazz.com](https://tickets.smokejazz.com/))",$25.00 / $40.00 / $50.00 / $55.00,2026-04-08,8:00 PM,"2751 Broadway, New York, NY 10025, USA"
Harlem Nights,FUNNY HUNNYZ PRESENTS - PIMPS & HOES - WOMEN'S HISTORY MONTH COMEDY SHOW,"A live comedy night presented by Funny Hunnyz celebrating Women’s History Month with a lineup of female comedians. Expect stand-up sets and an energetic, grown-folks atmosphere.",$13,2026-03-28,8:00 PM,"2361 Adam Clayton Powell Jr Blvd, New York, NY 10030, USA"
Lady Blue,Spritz Thursdays,"Weekly Spritz Thursday featuring house Aperitivo, Hugo, Limoncello, and Campari spritzes. Drinks listed at $10 each.",$10,2026-03-26,4:00 PM,"363 W 46th St, New York, NY 10036, USA"
Lady Blue,Happy Hour,Weekday happy hour (Monday–Friday) running until 7:00 PM with discounted drinks and select items. Happy Hour is available from opening on weekdays (venue opens at 4:00 PM).,Varies,2026-03-26,4:00 PM,"363 W 46th St, New York, NY 10036, USA"
Lady Blue,Late Night Happy Hour,Late night happy hour Sunday–Thursday starting at 10:00 PM (Friday & Saturday start at 11:00 PM) with late-night drink specials. Runs until close.,Varies,2026-03-26,10:00 PM,"363 W 46th St, New York, NY 10036, USA"
Lady Blue,Happy Hour,Weekday happy hour (Monday–Friday) running until 7:00 PM with discounted drinks and select items. Happy Hour is available from opening on weekdays (venue opens at 4:00 PM).,Varies,2026-03-27,4:00 PM,"363 W 46th St, New York, NY 10036, USA"
Lady Blue,Late Night Happy Hour,Late night happy hour Friday & Saturday starting at 11:00 PM with late-night drink specials. Runs until close.,Varies,2026-03-27,11:00 PM,"363 W 46th St, New York, NY 10036, USA"
Lady Blue,Late Night Happy Hour,Late night happy hour Friday & Saturday starting at 11:00 PM with late-night drink specials. Runs until close.,Varies,2026-03-28,11:00 PM,"363 W 46th St, New York, NY 10036, USA"
Lady Blue,Late Night Happy Hour,Late night happy hour Sunday–Thursday starting at 10:00 PM with late-night drink specials. Runs until close.,Varies,2026-03-29,10:00 PM,"363 W 46th St, New York, NY 10036, USA"
Lady Blue,Happy Hour,Weekday happy hour (Monday–Friday) running until 7:00 PM with discounted drinks and select items. Happy Hour is available from opening on weekdays (venue opens at 4:00 PM).,Varies,2026-03-30,4:00 PM,"363 W 46th St, New York, NY 10036, USA"
Lady Blue,Old Fashioned Mondays,"Old Fashioned specials all night with multiple variations (Old Fashioned, Chai Old Fashioned, Rye Old Fashioned, etc.). Specials run all night beginning when the bar opens.",$9-$10,2026-03-30,4:00 PM,"363 W 46th St, New York, NY 10036, USA"
Lady Blue,Late Night Happy Hour,Late night happy hour Sunday–Thursday starting at 10:00 PM with late-night drink specials. Runs until close.,Varies,2026-03-30,10:00 PM,"363 W 46th St, New York, NY 10036, USA"
Lady Blue,Happy Hour,Weekday happy hour (Monday–Friday) running until 7:00 PM with discounted drinks and select items. Happy Hour is available from opening on weekdays (venue opens at 4:00 PM).,Varies,2026-03-31,4:00 PM,"363 W 46th St, New York, NY 10036, USA"
Lady Blue,Tini Tuesdays,"Tini Tuesday specials featuring martinis including Classic ($9), Espresso ($10), Pornstar ($10), and Limoncello Lemondrop ($10).",$9-$10,2026-03-31,4:00 PM,"363 W 46th St, New York, NY 10036, USA"
Lady Blue,Late Night Happy Hour,Late night happy hour Sunday–Thursday starting at 10:00 PM with late-night drink specials. Runs until close.,Varies,2026-03-31,10:00 PM,"363 W 46th St, New York, NY 10036, USA"
Lady Blue,Happy Hour,Weekday happy hour (Monday–Friday) running until 7:00 PM with discounted drinks and select items. Happy Hour is available from opening on weekdays (venue opens at 4:00 PM).,Varies,2026-04-01,4:00 PM,"363 W 46th St, New York, NY 10036, USA"
Lady Blue,Late Night Happy Hour,Late night happy hour Sunday–Thursday starting at 10:00 PM with late-night drink specials. Runs until close.,Varies,2026-04-01,10:00 PM,"363 W 46th St, New York, NY 10036, USA"
Lady Blue,Spritz Thursdays,"Weekly Spritz Thursday featuring house Aperitivo, Hugo, Limoncello, and Campari spritzes. Drinks listed at $10 each.",$10,2026-04-02,4:00 PM,"363 W 46th St, New York, NY 10036, USA"
Lady Blue,Happy Hour,Weekday happy hour (Monday–Friday) running until 7:00 PM with discounted drinks and select items. Happy Hour is available from opening on weekdays (venue opens at 4:00 PM).,Varies,2026-04-02,4:00 PM,"363 W 46th St, New York, NY 10036, USA"
Lady Blue,Late Night Happy Hour,Late night happy hour Sunday–Thursday starting at 10:00 PM with late-night drink specials. Runs until close.,Varies,2026-04-02,10:00 PM,"363 W 46th St, New York, NY 10036, USA"
Lady Blue,Happy Hour,Weekday happy hour (Monday–Friday) running until 7:00 PM with discounted drinks and select items. Happy Hour is available from opening on weekdays (venue opens at 4:00 PM).,Varies,2026-04-03,4:00 PM,"363 W 46th St, New York, NY 10036, USA"
Lady Blue,Late Night Happy Hour,Late night happy hour Friday & Saturday starting at 11:00 PM with late-night drink specials. Runs until close.,Varies,2026-04-03,11:00 PM,"363 W 46th St, New York, NY 10036, USA"
Lady Blue,Late Night Happy Hour,Late night happy hour Friday & Saturday starting at 11:00 PM with late-night drink specials. Runs until close.,Varies,2026-04-04,11:00 PM,"363 W 46th St, New York, NY 10036, USA"
Lady Blue,Late Night Happy Hour,Late night happy hour Sunday–Thursday starting at 10:00 PM with late-night drink specials. Runs until close.,Varies,2026-04-05,10:00 PM,"363 W 46th St, New York, NY 10036, USA"
Lady Blue,Happy Hour,Weekday happy hour (Monday–Friday) running until 7:00 PM with discounted drinks and select items. Happy Hour is available from opening on weekdays (venue opens at 4:00 PM).,Varies,2026-04-06,4:00 PM,"363 W 46th St, New York, NY 10036, USA"
Lady Blue,Old Fashioned Mondays,"Old Fashioned specials all night with multiple variations (Old Fashioned $9, Chai/Rye $10). Specials run all night beginning when the bar opens.",$9-$10,2026-04-06,4:00 PM,"363 W 46th St, New York, NY 10036, USA"
Lady Blue,Late Night Happy Hour,Late night happy hour Sunday–Thursday starting at 10:00 PM with late-night drink specials. Runs until close.,Varies,2026-04-06,10:00 PM,"363 W 46th St, New York, NY 10036, USA"
Lady Blue,Happy Hour,Weekday happy hour (Monday–Friday) running until 7:00 PM with discounted drinks and select items. Happy Hour is available from opening on weekdays (venue opens at 4:00 PM).,Varies,2026-04-07,4:00 PM,"363 W 46th St, New York, NY 10036, USA"
Lady Blue,Tini Tuesdays,"Tini Tuesday specials featuring martinis including Classic ($9), Espresso ($10), Pornstar ($10), and Limoncello Lemondrop ($10).",$9-$10,2026-04-07,4:00 PM,"363 W 46th St, New York, NY 10036, USA"
Lady Blue,Late Night Happy Hour,Late night happy hour Sunday–Thursday starting at 10:00 PM with late-night drink specials. Runs until close.,Varies,2026-04-07,10:00 PM,"363 W 46th St, New York, NY 10036, USA"
Lady Blue,Happy Hour,Weekday happy hour (Monday–Friday) running until 7:00 PM with discounted drinks and select items. Happy Hour is available from opening on weekdays (venue opens at 4:00 PM).,Varies,2026-04-08,4:00 PM,"363 W 46th St, New York, NY 10036, USA"
Lady Blue,Late Night Happy Hour,Late night happy hour Sunday–Thursday starting at 10:00 PM with late-night drink specials. Runs until close.,Varies,2026-04-08,10:00 PM,"363 W 46th St, New York, NY 10036, USA"
Blondies Sports,Trivia Night,"Weekly pub trivia (Trivia Fridays) at Blondies with an 8:00 PM start, hosted as part of the NYC Trivia League. Popular Upper West Side sports-bar trivia night with multiple rounds and a lively crowd.",N/A,2026-03-27,8:00 PM,"212 W 79th St, New York, NY 10024, USA"
Blondies Sports,Trivia Night,"Weekly pub trivia (Trivia Fridays) at Blondies with an 8:00 PM start, hosted as part of the NYC Trivia League. Popular Upper West Side sports-bar trivia night with multiple rounds and a lively crowd.",N/A,2026-04-03,8:00 PM,"212 W 79th St, New York, NY 10024, USA"
Dive 75,Trivia Night,Weekly trivia night held every Tuesday at Dive 75 where teams answer questions displayed on a screen and compete for prizes (winners are often awarded a $50 gift card).,N/A,2026-03-31,8:00 PM,"101 W 75th St, New York, NY 10023, USA"
Dive 75,Trivia Night,Weekly trivia night held every Tuesday at Dive 75 where teams answer questions displayed on a screen and compete for prizes (winners are often awarded a $50 gift card).,N/A,2026-04-07,8:00 PM,"101 W 75th St, New York, NY 10023, USA"
Iggy's,Salsa & Bachata Lessons,"Free salsa and bachata dance lessons for all levels, held weekly on Mondays from 7:00 PM to 9:00 PM.",FREE,2026-03-30,7:00 PM,"1452 2nd Ave, New York, NY 10021, USA"
Iggy's,Run Club,Weekly run club meeting starting at 7:30 PM; participants are encouraged to DM @iggysbarnyc for more information.,N/A,2026-04-01,7:30 PM,"1452 2nd Ave, New York, NY 10021, USA"
Iggy's,Salsa & Bachata Lessons,"Free salsa and bachata dance lessons for all levels, held weekly on Mondays from 7:00 PM to 9:00 PM.",FREE,2026-04-06,7:00 PM,"1452 2nd Ave, New York, NY 10021, USA"
Iggy's,Run Club,Weekly run club meeting starting at 7:30 PM; participants are encouraged to DM @iggysbarnyc for more information.,N/A,2026-04-08,7:30 PM,"1452 2nd Ave, New York, NY 10021, USA"
Groove,Pete Rodríguez,"Live Latin-jazz performance by Grammy-winning trumpeter, vocalist, and percussionist Pete Rodríguez. The show is billed as an evening of bold Latin jazz.",N/A,2026-03-26,7:00 PM,"125 MacDougal St, New York, NY 10012, USA"
Groove,Slow Riches,Live set by Slow Riches (listed on the site as part of the 3/26 lineup). A live music performance featuring the artist(s) scheduled that evening.,N/A,2026-03-26,N/A,"125 MacDougal St, New York, NY 10012, USA"
Groove,Ricky Stein,Live music performance by Ricky Stein (listed on the site's weekly lineup for 3/27). Expect an evening concert.,N/A,2026-03-27,N/A,"125 MacDougal St, New York, NY 10012, USA"
Groove,Sugarpark Band,Live performance by Sugarpark Band (listed on the site's weekly lineup for 3/27). A live music show featuring the band.,N/A,2026-03-27,N/A,"125 MacDougal St, New York, NY 10012, USA"
Groove,Shayna Blass,Live set by Shayna Blass (listed on the site's weekly lineup for 3/28). An evening of live music.,N/A,2026-03-28,N/A,"125 MacDougal St, New York, NY 10012, USA"
Groove,Kyle Lacy,Live performance by Kyle Lacy (listed on the site's weekly lineup for 3/28). An evening concert performance.,N/A,2026-03-28,N/A,"125 MacDougal St, New York, NY 10012, USA"
Groove,Soulful Sounds of Neo Soul (ft. Esurtees),"A themed neo-soul evening featuring hits from Sade, Jill Scott, Lauryn Hill and performed by Esurtees (listed on the site).",N/A,2026-03-29,7:00 PM,"125 MacDougal St, New York, NY 10012, USA"
Groove,The Black Soul Experience,Live soul/R&B performance by The Black Soul Experience (listed alongside the 3/29 lineup). Expect an evening of soul and R&B.,N/A,2026-03-29,N/A,"125 MacDougal St, New York, NY 10012, USA"
Groove,Selwyn Birchwood,Live performance by Selwyn Birchwood (listed on the site as occurring on April 1). An evening concert performance.,N/A,2026-04-01,9:00 PM,"125 MacDougal St, New York, NY 10012, USA"
Groove,Nikki Hill,Live set by Nikki Hill (listed in the site's April lineup for 4/4). An evening live-music performance.,N/A,2026-04-04,N/A,"125 MacDougal St, New York, NY 10012, USA"
Don't Tell Mama,LILY CORVO AND BILL ZEFFIRO,Singer Lily Corvo performs with musical director Bill Zeffiro at the piano in a cabaret set. Seating begins early and the show runs about an hour.,$5.00 cover charge; $20.00 minimum (must include 2 drinks) per person,2026-03-26,7:00 PM,"343 W 46th St, New York, NY 10036, USA"
Don't Tell Mama,Solstice Selections: Sondheim Night,"An intimate cabaret series exploring themed evenings of musical theatre songs, featuring musical direction by Kent Dennis and special guests. This edition is a Sondheim-themed night.",$25.00 cover charge; $20.00 minimum (must include 2 drinks) per person,2026-03-26,9:30 PM,"343 W 46th St, New York, NY 10036, USA"
Don't Tell Mama,SETH'S TALENT SHOWCASE,"A singers' showcase accompanied by composer/lyricist Seth Bisen-Hersh at the piano, featuring a variety of vocal performers. Seating and set length are noted on the event page.",$21.00 cover charge; $20.00 minimum (must include 2 drinks) per person,2026-03-27,7:00 PM,"343 W 46th St, New York, NY 10036, USA"
Don't Tell Mama,"DARYL SHERMAN: ""ABSENT FRIENDS""",Cabaret performance by singer/pianist Daryl Sherman with Boots Maleson on bass presenting the show 'Absent Friends.' The performance is presented as a vocal/piano cabaret set.,$15.00 cover charge; $20.00 minimum (must include 2 drinks) per person,2026-03-27,7:00 PM,"343 W 46th St, New York, NY 10036, USA"
Don't Tell Mama,Fidelity Theatricals Presents: Selections From BEAUTY AND THE BEAST,A selection of songs from Beauty and the Beast presented by Fidelity Theatricals. The event is a themed cabaret presentation with running time around an hour.,$20.00 cover charge; $20.00 minimum (must include 2 drinks) per person,2026-03-27,9:30 PM,"343 W 46th St, New York, NY 10036, USA"
Don't Tell Mama,TBO TAKES NYC: Cabaret Night,TBO Takes NYC is a cabaret night showcasing performers in an evening-length cabaret program. Seating begins before showtime and the set runs about 65 minutes.,$30.00 cover charge; $20.00 minimum (must include 2 drinks) per person,2026-03-28,4:00 PM,"343 W 46th St, New York, NY 10036, USA"
Don't Tell Mama,SATURDAY NIGHT COMEDY IN NYC!,A stand-up comedy show featuring a lineup of NYC pros and rising talent for an evening of laughs. Tickets are available (show often sells out) and seating begins early.,$20 presale | $25 at the door; $20 minimum inside showroom,2026-03-28,7:00 PM,"343 W 46th St, New York, NY 10036, USA"
Don't Tell Mama,CAROL CRINCOLI: CHOOSING WONDER,"Singer Carol Crincoli performs 'Choosing Wonder,' a set of songs about curiosity, imagination, and connection with a band and musical director Ricky Ritzel. The show runs about an hour.",$25.00 cover charge; $20.00 minimum (must include 2 drinks) per person,2026-03-28,8:00 PM,"343 W 46th St, New York, NY 10036, USA"
Don't Tell Mama,"VANGARI!: ""SO IT'S COME TO THIS...""",Musical comedy from mother/daughter duo Evangeline Johns & Ariana Johns featuring songs across genres and eras. The performance is presented as a musical-comedy cabaret.,$20.00 cover charge; $20.00 minimum (must include 2 drinks) per person,2026-03-29,4:00 PM,"343 W 46th St, New York, NY 10036, USA"
Don't Tell Mama,"JOE FOX: ""DON'T CRY FOR ME MY YESHIVA""","A one-person cabaret show by Joe Fox exploring family, love, and identity, written and performed by Joe Fox with musical direction and supporting artists. Running time and seating details are listed on the event page.",$25.00 cover charge; $15.00 MAC members; $20.00 minimum (must include 2 drinks) per person,2026-03-29,7:00 PM,"343 W 46th St, New York, NY 10036, USA"
Don't Tell Mama,"""THE FOURTH ANNUAL CHOCOLATE SEDER""",An original take on a holiday seder presented by Deborah Zecher with musical direction and a roster of performers and 'seder sages.' The event is a themed cabaret experience.,$25.00 cover charge (some listed at $20.00) ; $20.00 minimum (must include 2 drinks) per person,2026-03-30,7:00 PM,"343 W 46th St, New York, NY 10036, USA"
Don't Tell Mama,"LYNNE CHARNAY: ""ONE LAST TIME""",Cabaret chanteuse Lynne Charnay presents 'One Last Time'—a centennial-plus birthday celebration and cabaret set with piano accompaniment. The show features classic cabaret material and runs about 70 minutes.,$15.00 cover charge; $20.00 minimum (must include 2 drinks) per person,2026-03-30,7:00 PM,"343 W 46th St, New York, NY 10036, USA"
Don't Tell Mama,"PATRICIA FITZPATRICK: ""SENTIMENTAL JOURNEY""","Cabaret entertainer Patricia Fitzpatrick performs 'Sentimental Journey' with musical direction by Tracy Stark and her trio, offering a classic cabaret program. Seating and show length are detailed on the event page.",$25.00 cover charge; $20.00 cover for MAC; $20.00 minimum (must include 2 drinks) per person,2026-03-31,7:00 PM,"343 W 46th St, New York, NY 10036, USA"
Don't Tell Mama,"LYNNE CHARNAY: ""ONE LAST TIME""",Cabaret chanteuse Lynne Charnay presents 'One Last Time' in a birthday-celebration performance featuring Broadway and cabaret material with piano accompaniment.,$15.00 cover charge; $20.00 minimum (must include 2 drinks) per person,2026-04-01,7:00 PM,"343 W 46th St, New York, NY 10036, USA"
Don't Tell Mama,92ND ST Y SINGERS,A sextet of singers from the 92nd Street Y perform a directed vocal program with musical director William Tn Hall. The event is presented as a cabaret/concert-style vocal show.,$20.00 cover charge; $20.00 minimum (must include 2 drinks) per person,2026-04-02,7:00 PM,"343 W 46th St, New York, NY 10036, USA"
Don't Tell Mama,SETH'S TALENT SHOWCASE,"Another edition of the singers' showcase accompanied by composer/lyricist Seth Bisen-Hersh at the piano, featuring a rotating lineup of performers. Seating and runtime information are provided on the event page.",$21.00 cover charge; $20.00 minimum (must include 2 drinks) per person,2026-04-03,7:00 PM,"343 W 46th St, New York, NY 10036, USA"
Don't Tell Mama,Stephanie Leiva Sings,"Stephanie Mercedes Leiva presents an evening of music and storytelling spanning Broadway, jazz, and contemporary songs that trace her life and identity. The performance blends personal narrative with a varied songlist.",$25.00 cover charge; $20.00 minimum (must include 2 drinks) per person,2026-04-04,7:00 PM,"343 W 46th St, New York, NY 10036, USA"
Don't Tell Mama,SETH'S TALENT SHOWCASE,"A weekly talent showcase featuring singers with Seth Bisen-Hersh at the piano, showcasing a variety of vocal performers in an intimate cabaret setting.",$21.00 cover charge; $20.00 minimum (must include 2 drinks) per person,2026-04-07,7:00 PM,"343 W 46th St, New York, NY 10036, USA"
Don't Tell Mama,"""ANOTHER SLIGHTLY TWISTED REVUE""","A musical comedy revue starring Paul Chamlin, Miriam Fond, and Gerry Levine with musical direction by Paul Chamlin. The show presents comedic musical numbers in a cabaret revue format.",$10.00 cover charge; $20.00 minimum (must include 2 drinks) per person,2026-04-08,7:00 PM,"343 W 46th St, New York, NY 10036, USA"
Don't Tell Mama,INVITED AUDIENCE,A performance arranged for an invited audience; registration for this show is closed. No additional public-facing description is provided on the event page.,$0.00 (registration closed),2026-04-08,7:00 PM,"343 W 46th St, New York, NY 10036, USA"
230 Fifth Rooftop Bar,Disco Thursdays,Disco is back! Dance all night to the best hits; event is held indoors with access to the Rooftop Garden. ([230-fifth.com](https://230-fifth.com/event/disco-thursdays-2-7-2/2026-03-26/)),Free,2026-03-26,7:30 PM,"1150 Broadway, New York, NY 10001, USA"
230 Fifth Rooftop Bar,AFTER WORK ROOFTOP PARTY,"Join us as we watch the city turn golden, featuring a guest DJ; sip signature cocktails and soak up the skyline views. ([230-fifth.com](https://230-fifth.com/event/after-work-rooftop-party-230-fifth-rooftop-4-2/2026-03-27/))",Free,2026-03-27,5:00 PM,"1150 Broadway, New York, NY 10001, USA"
230 Fifth Rooftop Bar,230 Fifth Fridays (Friday Night Dance Party),Dance to music by top DJs at NYC’s famous rooftop & penthouse venue; skip-the-line tickets are available for front-of-the-line status. ([230-fifth.com](https://230-fifth.com/event/230-fifth-fridays-2-2-2-2-2/2026-03-27/)),N/A,2026-03-27,8:00 PM,"1150 Broadway, New York, NY 10001, USA"
230 Fifth Rooftop Bar,Saturday Sunset,Join us as we watch the city turn golden with a guest DJ; sip signature cocktails and enjoy the stunning skyline. ([230-fifth.com](https://230-fifth.com/event/saturday-sunset-230-fifth-rooftop-2-2/2026-03-28/)),Free,2026-03-28,4:00 PM,"1150 Broadway, New York, NY 10001, USA"
230 Fifth Rooftop Bar,230 Fifth Saturdays (Saturday Night Dance Party),"Saturday night dance party with top DJs, VIP front-of-the-line options, and a lively dance floor. ([230-fifth.com](https://230-fifth.com/event/230-fifth-saturdays-2-2-2-2/2026-03-28/))",N/A,2026-03-28,8:00 PM,"1150 Broadway, New York, NY 10001, USA"
230 Fifth Rooftop Bar,Rooftop Bachata Party,"Dance under the stars with spectacular views; includes a complimentary bachata class and DJs playing bachata, salsa, and reggaeton. ([230-fifth.com](https://230-fifth.com/event/rooftop-bachata-party-2-2-2/2026-04-01/))",N/A,2026-04-01,9:00 PM,"1150 Broadway, New York, NY 10001, USA"
230 Fifth Rooftop Bar,Disco Thursdays,Disco Thursdays — dance to classic disco hits indoors with rooftop access and guest DJs. ([230-fifth.com](https://230-fifth.com/event/disco-thursdays-2-7-2/2026-04-02/)),Free,2026-04-02,7:00 PM,"1150 Broadway, New York, NY 10001, USA"
230 Fifth Rooftop Bar,AFTER WORK ROOFTOP PARTY,"Join us as we watch the city turn golden, featuring a guest DJ; sip signature cocktails and enjoy the skyline. ([230-fifth.com](https://230-fifth.com/event/after-work-rooftop-party-230-fifth-rooftop-4-2/2026-04-03/))",Free,2026-04-03,5:00 PM,"1150 Broadway, New York, NY 10001, USA"
230 Fifth Rooftop Bar,230 Fifth Fridays (Friday Night Dance Party),Dance to music by top DJs at 230 Fifth with VIP skip-the-line ticket options and a late-night DJ set. ([230-fifth.com](https://230-fifth.com/event/230-fifth-fridays-2-2-2-2-2/2026-04-03/)),N/A,2026-04-03,8:00 PM,"1150 Broadway, New York, NY 10001, USA"
230 Fifth Rooftop Bar,Saturday Sunset,Join us as we watch the city turn golden with a guest DJ; sip signature cocktails and enjoy the skyline. ([230-fifth.com](https://230-fifth.com/event/saturday-sunset-230-fifth-rooftop-2-2/2026-04-04/)),Free,2026-04-04,4:00 PM,"1150 Broadway, New York, NY 10001, USA"
230 Fifth Rooftop Bar,NYC Bollywood Movie Night / Party ft. DDLJ,Watch Dilwale Dulhania Le Jayenge on big screens with theater-quality sound and enjoy food & drinks; ticket includes free access to the afterparty starting at 10:00 PM. ([230-fifth.com](https://230-fifth.com/event/nyc-bollywood-movie-night-party-ft-ddlj-230-fifth-rooftop/)),N/A,2026-04-04,6:00 PM,"1150 Broadway, New York, NY 10001, USA"
230 Fifth Rooftop Bar,Saturday Night Dance Party,Dance to the music by top DJs at NYC’s famous rooftop & penthouse venue; skip-the-line tickets available for front-of-the-line status. ([230-fifth.com](https://230-fifth.com/event/230-fifth-saturdays-2-2-2-2/2026-04-04/)),N/A,2026-04-04,8:00 PM,"1150 Broadway, New York, NY 10001, USA"
230 Fifth Rooftop Bar,NYC BACK TO 90'S BOLLYWOOD PARTY,Back-to-90s Bollywood party featuring throwback Bollywood & Bhangra hits spun by DJ BROWNY — a high-energy throwback dance night. ([230-fifth.com](https://230-fifth.com/event/nyc-back-to-90s-bollywood-party-230-fifth-rooftop/)),N/A,2026-04-04,10:00 PM,"1150 Broadway, New York, NY 10001, USA"
Bathtub Gin,Thursday DJ Rotation,"DJ rotation featuring guest and resident DJs (including DJ Fabienne, Alex Edge, and DJ CEO) mixing disco, rare groove, and afro house to set the vibe for the evening.",N/A,2026-03-26,9:00 PM,"132 9th Ave, New York, NY 10011, USA"
Bathtub Gin,Friday Resident DJ,"Late-night sets from Bathtub Gin’s resident DJ Alex Edge, blending genres to keep the room energized.",N/A,2026-03-27,10:00 PM,"132 9th Ave, New York, NY 10011, USA"
Bathtub Gin,Saturday Resident DJ,"High-energy DJ sets from resident DJ Reg West, delivering an international, dance-focused experience.",N/A,2026-03-28,10:00 PM,"132 9th Ave, New York, NY 10011, USA"
Bathtub Gin,Sunday Live Burlesque,"Hosted by Hello Dolly Productions, an intimate burlesque and variety floor show featuring a rotating cast and a finale involving the venue’s iconic copper tub.",$20 per person (seated) | $5 per person (standing),2026-03-29,9:00 PM,"132 9th Ave, New York, NY 10011, USA"
Bathtub Gin,Monday Live Jazz Rotation,"Live jazz rotation showcasing performers such as Fleur Seule, Javier Madrazo, and Muffy Styler performing standards, swing, bossa nova, and more.",$10 per person (seated) | $5 per person (standing),2026-03-30,9:00 PM,"132 9th Ave, New York, NY 10011, USA"
Bathtub Gin,Tuesday Live Burlesque,An intimate weekly burlesque show hosted by Hello Dolly Productions featuring New York City burlesque and variety performers.,$20 per person (seated) | $5 per person (standing),2026-03-31,9:00 PM,"132 9th Ave, New York, NY 10011, USA"
Bathtub Gin,Wednesday Resident Live Band,"Resident live band performances led by Nate Jones on Bass, covering jazz, R&B, soul, gospel, and more for an energetic live-music night.",$10 per person (seated) | $5 per person (standing),2026-04-01,9:00 PM,"132 9th Ave, New York, NY 10011, USA"
Bathtub Gin,Thursday DJ Rotation,"DJ rotation featuring guest and resident DJs (including DJ Fabienne, Alex Edge, and DJ CEO) mixing disco, rare groove, and afro house to set the vibe for the evening.",N/A,2026-04-02,9:00 PM,"132 9th Ave, New York, NY 10011, USA"
Bathtub Gin,Friday Resident DJ,"Late-night sets from Bathtub Gin’s resident DJ Alex Edge, blending genres to keep the room energized.",N/A,2026-04-03,10:00 PM,"132 9th Ave, New York, NY 10011, USA"
Bathtub Gin,Saturday Resident DJ,"High-energy DJ sets from resident DJ Reg West, delivering an international, dance-focused experience.",N/A,2026-04-04,10:00 PM,"132 9th Ave, New York, NY 10011, USA"
Bathtub Gin,Sunday Live Burlesque,"Hosted by Hello Dolly Productions, an intimate burlesque and variety floor show featuring a rotating cast and a finale involving the venue’s iconic copper tub.",$20 per person (seated) | $5 per person (standing),2026-04-05,9:00 PM,"132 9th Ave, New York, NY 10011, USA"
Bathtub Gin,Monday Live Jazz Rotation,"Live jazz rotation showcasing performers such as Fleur Seule, Javier Madrazo, and Muffy Styler performing standards, swing, bossa nova, and more.",$10 per person (seated) | $5 per person (standing),2026-04-06,9:00 PM,"132 9th Ave, New York, NY 10011, USA"
Bathtub Gin,Tuesday Live Burlesque,An intimate weekly burlesque show hosted by Hello Dolly Productions featuring New York City burlesque and variety performers.,$20 per person (seated) | $5 per person (standing),2026-04-07,9:00 PM,"132 9th Ave, New York, NY 10011, USA"
Bathtub Gin,Wednesday Resident Live Band,"Resident live band performances led by Nate Jones on Bass, covering jazz, R&B, soul, gospel, and more for an energetic live-music night.",$10 per person (seated) | $5 per person (standing),2026-04-08,9:00 PM,"132 9th Ave, New York, NY 10011, USA"
The Back Room,Monday Night Jazz — George Gee 5-tet,Live swing jazz music every Monday with doors at 6:00 PM and the band performing 9:00 PM–12:30 AM. No cover; tips appreciated.,Free,2026-03-30,6:00 PM,"102 Norfolk St, New York, NY 10002, USA"
The Back Room,Monday Night Jazz — Svetlana & D5,Live swing jazz music every Monday with doors at 6:00 PM and the band performing 9:00 PM–12:30 AM. No cover; tips appreciated.,Free,2026-04-06,6:00 PM,"102 Norfolk St, New York, NY 10002, USA"
Pioneers Bar NYC,Stand-Up Comedy (Renegade Shootout),Weekly Renegade Shootout stand-up comedy show featuring local comics. Free entry; starts at 10:30 PM every Sunday.,Free,2026-03-29,10:30 PM,"138 W 29th St, New York, NY 10001, USA"
Pioneers Bar NYC,Arcade Basketball Tournament (Late-Night Shootout),Late-night in-person arcade basketball tournament held after the comedy show; limited to the first 20 sign-ups. Entry is $1 (after a drink purchase).,$1 (after drink purchase),2026-03-29,11:30 PM,"138 W 29th St, New York, NY 10001, USA"
Pioneers Bar NYC,Wednesday Night Pool League,Weekly APA New York City pool league night with league play and spectator viewing. Runs in the evenings (listed as 7:00 PM – 10:00 PM on Wednesdays).,N/A,2026-04-01,7:00 PM,"138 W 29th St, New York, NY 10001, USA"
Pioneers Bar NYC,Stand-Up Comedy (Renegade Shootout),Weekly Renegade Shootout stand-up comedy show featuring local comics. Free entry; starts at 10:30 PM every Sunday.,Free,2026-04-05,10:30 PM,"138 W 29th St, New York, NY 10001, USA"
Pioneers Bar NYC,Arcade Basketball Tournament (Late-Night Shootout),Late-night in-person arcade basketball tournament held after the comedy show; limited to the first 20 sign-ups. Entry is $1 (after a drink purchase).,$1 (after drink purchase),2026-04-05,11:30 PM,"138 W 29th St, New York, NY 10001, USA"
Parkside Lounge,Jazz at Parkside Lounge,"An evening of live jazz in Parkside Lounge's backroom performance space featuring local jazz performers. Casual, seated show with bar service.",N/A,2026-03-26,7:00 PM,"317 E Houston St, New York, NY 10002, USA"
Parkside Lounge,Sam Keedy and The Slide Hustlers: Live at Parkside Lounge,Live performance by Sam Keedy and The Slide Hustlers—a high-octane funk and soul brass band. Doors at 7:00 PM with the show running into the evening.,N/A,2026-03-27,7:00 PM,"317 E Houston St, New York, NY 10002, USA"
Parkside Lounge,Thee Girls Just Wanna Have Fun Mini-Ball,"A late-night mini-ball celebration mixing runway, performance, and dance in a community-focused event. Encourages creative dress and participation.",$20,2026-03-27,11:00 PM,"317 E Houston St, New York, NY 10002, USA"
Parkside Lounge,Krebs and Simone present: The Endless Party,A curated party presented by Krebs and Simone featuring DJs and live performances for a late-night crowd. Expect dancing and a festive atmosphere.,N/A,2026-03-28,7:00 PM,"317 E Houston St, New York, NY 10002, USA"
Parkside Lounge,DEFCON INDUSTRIAL DANCE PARTY,An industrial-themed dance party with DJs spinning dark electronic and industrial tracks into the early morning. Late-night event aimed at dance crowds.,N/A,2026-03-28,11:00 PM,"317 E Houston St, New York, NY 10002, USA"
Parkside Lounge,NYC Fringe: SNAPSHOTS,A NYC Fringe presentation titled 'SNAPSHOTS'—a theater/performance piece staged at Parkside Lounge. Evening performance as part of the Fringe series.,N/A,2026-03-29,6:30 PM,"317 E Houston St, New York, NY 10002, USA"
Parkside Lounge,Wet Spot presents: Send in the Queers,A queer musical cabaret starring Kaylyn Buehler with special guests performing sapphic musical theater numbers. Doors at 7:00 PM with the show in the early evening.,Advance $12 / Door $15,2026-03-30,7:00 PM,"317 E Houston St, New York, NY 10002, USA"
Parkside Lounge,Nath Ann Carrera: The Songs Of Bobbie Gentry!,"A tribute performance covering the songs and storytelling of Bobbie Gentry, blending Southern Gothic narratives and character-driven song. Doors/opening in the early evening.",N/A,2026-03-31,6:30 PM,"317 E Houston St, New York, NY 10002, USA"
Parkside Lounge,The brian and alex trivia show,"Weekly trivia night hosted by Brian and Alex featuring timed rounds and pub-style competition. Casual, bar-based event suitable for teams.",N/A,2026-04-01,7:30 PM,"317 E Houston St, New York, NY 10002, USA"
Parkside Lounge,Greer Dworman Presents: Tight Five,A comedy series curated and hosted by Greer Dworman showcasing short stand-up sets from emerging comedians. Doors and show begin in the early evening.,$10 / $15 / $20,2026-04-02,6:30 PM,"317 E Houston St, New York, NY 10002, USA"
Parkside Lounge,"Parts is Parts! George Gilmore and the Giblets, Tim Heap and the Buybacks and the Werewolves","A multi-band live music bill featuring punk, rockabilly, and garage-influenced acts performing across the evening. Doors open in the early evening with a multi-act set.",N/A,2026-04-03,6:30 PM,"317 E Houston St, New York, NY 10002, USA"
Parkside Lounge,Brick Presents: BEAR BOUNCE / buNnY BoUnCe,"A late-night dance party (Bear Bounce / Bunny Bounce) with DJs, open bar window and dancing into the morning. Party atmosphere with music and social dancing.",$10 before midnight / $20 after,2026-04-03,10:00 PM,"317 E Houston St, New York, NY 10002, USA"
Parkside Lounge,"Lydia Lunch, Joseph Keckler, & Kevin Shea: Easter Sunday Salon","An Easter Sunday salon featuring Lydia Lunch, Joseph Keckler, and Kevin Shea—an experimental night of sound, prose, and performance. A late-evening salon with intense, avant-garde performances.",N/A,2026-04-05,5:30 PM,"317 E Houston St, New York, NY 10002, USA"
Parkside Lounge,the brian and alex trivia show,"Weekly trivia night hosted by Brian and Alex featuring timed rounds and pub-style competition. Casual, bar-based event suitable for teams.",N/A,2026-04-08,7:30 PM,"317 E Houston St, New York, NY 10002, USA"
