Name,Event,Description,Cost,Duration,Difficulty,Date,Time,Address,Ticket_URL
The Escape Game NYC (Times Square),Cosmic Crisis,You’re aboard a spaceship racing toward a galaxy-eating black hole and must weaponize the ship’s systems to stop the catastrophe. The game features theme-park-level projection mapping and an in-game AI companion for a high-tech sci-fi experience.,N/A,60 min,7/10,2026-03-27,Various times,"1619 Broadway, New York, NY 10019, USA",https://theescapegame.com/newyorkcity/book-now/times-square/
The Escape Game NYC (Times Square),Legend of the Yeti,Investigate an abandoned Himalayan outpost where an expedition vanished searching for a legendary jewel and face chilling surprises in a snowbound setting. The immersive experience includes falling snow and frosty theming as you uncover what happened to the missing team.,N/A,60 min,8/10,2026-03-27,Various times,"1619 Broadway, New York, NY 10019, USA",https://theescapegame.com/newyorkcity/book-now/times-square/
The Escape Game NYC (Times Square),Prison Break,"Start split into two 1950s-era prison cells and work to outwit a nefarious warden to escape freedom in under an hour. This is one of the company’s toughest games, emphasizing teamwork across multiple connected spaces.",N/A,60 min,9/10,2026-03-27,Various times,"1619 Broadway, New York, NY 10019, USA",https://theescapegame.com/newyorkcity/book-now/times-square/
The Escape Game NYC (Times Square),The Heist,"Infiltrate a museum to recover a stolen Monet by bypassing security, outsmarting traps, and investigating the curator’s office. The game delivers a cinematic spy/heist experience with immersive set pieces.",N/A,60 min,8/10,2026-03-27,Various times,"1619 Broadway, New York, NY 10019, USA",https://theescapegame.com/newyorkcity/book-now/times-square/
The Escape Game NYC (Times Square),The Depths,Descend into a submerged environment to solve puzzles and navigate water-themed challenges as you race against the clock. The Depths combines atmospheric set design with exploration-focused gameplay.,N/A,60 min,7/10,2026-03-27,Various times,"1619 Broadway, New York, NY 10019, USA",https://theescapegame.com/newyorkcity/book-now/times-square/
The Escape Game NYC (Times Square),Ruins: Forbidden Treasure,"Explore ancient ruins to uncover a forbidden treasure protected by traps and secrets, using exploration and puzzle-solving to claim the prize. The game blends adventure and archaeology-themed set pieces for a family-friendly thrill.",N/A,60 min,6/10,2026-03-27,Various times,"1619 Broadway, New York, NY 10019, USA",https://theescapegame.com/newyorkcity/book-now/times-square/
Beat The Bomb Brooklyn,Paint Bomb Mission,"Teams of 2–6 suit up in hazmat gear and advance through five high-tech game rooms, earning time to use in the final room to disarm a giant 6-gallon paint bomb before getting blasted.",39.95,60 min,N/A,2026-03-27,Various times,"255 Water St, Brooklyn, NY 11201, USA",https://brktickets.beatthebomb.com/bknyc/en-us/product/1771990
Beat The Bomb Brooklyn,Foam Bomb Mission,"Teams of 2–6 suit up in hazmat gear and progress through five interactive game rooms, completing challenges to earn time and ultimately deactivate a giant foam bomb or face the foam ending.",39.95,60 min,N/A,2026-03-27,Various times,"255 Water St, Brooklyn, NY 11201, USA",https://brktickets.beatthebomb.com/bknyc/en-us/product/1771990
Beat The Bomb Brooklyn,Slime Bomb Mission,"Teams of 2–6 don hazmat suits and tackle five team-based video game rooms, collecting time to attempt to disarm a giant 6-gallon slime bomb before the countdown triggers a slime blast.",39.95,60 min,N/A,2026-03-27,Various times,"255 Water St, Brooklyn, NY 11201, USA",https://brktickets.beatthebomb.com/bknyc/en-us/product/1771990
Beat The Bomb Brooklyn,Arcade Bomb Battle,"An arcade-style tournament for 3–12 players featuring eight rounds, semi-finals and a grand finale where teams compete across interactive games in a private arcade bay.",29.95,90 min,N/A,2026-03-27,Various times,"255 Water St, Brooklyn, NY 11201, USA",https://brktickets.beatthebomb.com/bknyc/en-us/product/1771990
The Escape Game NYC (Midtown Manhattan),Gold Rush,"Race to find Clyde Hamilton’s hidden gold in his 1800s log cabin—search the cabin and mine, solve tactile puzzles, and uncover the treasure before time runs out.",N/A,60 min,7/10,2026-03-27,Various times,"295 Madison Ave, New York, NY 10017, USA",https://theescapegame.com/newyorkcity/book-now/midtown/
The Escape Game NYC (Midtown Manhattan),Prison Break,"You’re innocent but locked up in a 1950s iron-barred prison; begin split into two cells, navigate secret passages and the warden’s office, and outwit the system to escape.",N/A,60 min,9/10,2026-03-27,Various times,"295 Madison Ave, New York, NY 10017, USA",https://theescapegame.com/newyorkcity/book-now/midtown/
The Escape Game NYC (Midtown Manhattan),The Depths,"Board a submarine to investigate an abandoned deep-sea laboratory where Dr. Humphreys has vanished—explore the lab, decode clues, and survive the ocean’s lurking dangers.",N/A,60 min,7/10,2026-03-27,Various times,"295 Madison Ave, New York, NY 10017, USA",https://theescapegame.com/newyorkcity/book-now/midtown/
The Escape Game NYC (Midtown Manhattan),Special Ops: Mysterious Market,"As a spy team undercover in the Ansar Market, decode messages, uncover secret rooms, and stop a plot for an international attack before it’s too late.",N/A,60 min,8/10,2026-03-27,Various times,"295 Madison Ave, New York, NY 10017, USA",https://theescapegame.com/newyorkcity/book-now/midtown/
The Escape Game NYC (Midtown Manhattan),Playground,"A nostalgic, schoolyard-themed adventure where your team completes assignments, explores the classroom and playground, and races the bell to win summer glory—great for large groups.",N/A,60 min,6/10,2026-03-27,Various times,"295 Madison Ave, New York, NY 10017, USA",https://theescapegame.com/newyorkcity/book-now/midtown/
The Escape Game NYC (Midtown Manhattan),Timeliner: Train Through Time,Board the high-tech Timeliner and jump through multiple centuries to fix catastrophic timeline errors—solve era-spanning puzzles to restore the future.,N/A,60 min,7/10,2026-03-27,Various times,"295 Madison Ave, New York, NY 10017, USA",https://theescapegame.com/newyorkcity/book-now/midtown/
The Escape Game NYC (Midtown Manhattan),Only Murders in the Building,"A limited-edition, show-themed mystery where you explore a movie set to recover a missing final film reel—solve clues and uncover easter eggs inspired by the series.",N/A,60 min,8/10,2026-03-27,Various times,"295 Madison Ave, New York, NY 10017, USA",https://theescapegame.com/newyorkcity/book-now/midtown/
MyssTic Rooms,Montauk Project,"A secretive military bunker at Montauk Air Force Station hides experiments that may never have ended; something dangerous has been left behind and is spreading. Your mission is to infiltrate the area, locate the source of the incidents, and bring back evidence while re-sealing any unlocked gates.",N/A,60 min,N/A,2026-03-27,Various times,"794 Union St, Brooklyn, NY 11215, USA",https://mysstic.resova.us/calendar/list?firstPage=true
MyssTic Rooms,Ghost Light,"Inspired by the legend of Olive Thomas and vaudeville spirits, a ghost light keeps past performers appeased — but if the light goes out the spirits may trap the living. Your mission is to turn the light on and clear the stage before the spirits begin performing and you become trapped in their world.",N/A,60 min,N/A,2026-03-27,Various times,"794 Union St, Brooklyn, NY 11215, USA",https://mysstic.resova.us/calendar/list?firstPage=true
MyssTic Rooms,The Bird,"Set in the de Lille family’s abandoned apothecary, the village’s cherished magical bird has died and the youngest descendant’s unfinished elixir of rebirth might be the only hope. Your mission is to access the apothecary, find the formula, finish the potion, and attempt to restore the bird and the apothecary’s future.",N/A,60 min,N/A,2026-03-27,Various times,"794 Union St, Brooklyn, NY 11215, USA",https://mysstic.resova.us/calendar/list?firstPage=true
The Escape Game Brooklyn,Prison Break,"You’re locked in a 1950s-era prison and must decipher clues, navigate secret passages, and outwit a nefarious warden to break out within the hour. The game starts teams split into two cells for an extra challenge. ",N/A,60 min,9/10,2026-03-27,Various times,"445 Gold St C-014b, Brooklyn, NY 11201, USA",https://theescapegame.com/brooklyn/book-now/
The Escape Game Brooklyn,Cosmic Crisis,A high-stakes sci-fi mission aboard a spaceship hurtling toward a galaxy-eating black hole where your team must sabotage systems and weaponize antimatter to destroy the black hole and save the galaxy. The experience features projection mapping and an in-game AI companion. ,N/A,60 min,7/10,2026-03-27,Various times,"445 Gold St C-014b, Brooklyn, NY 11201, USA",https://theescapegame.com/brooklyn/book-now/
The Escape Game Brooklyn,Timeliner: Train Through Time,"Board a high-tech, time-traveling train to visit multiple centuries and repair the timeline by finding clues across different eras before reality unravels. The game blends classic and high-tech puzzles in an immersive time-travel adventure. ",N/A,60 min,7/10,2026-03-27,Various times,"445 Gold St C-014b, Brooklyn, NY 11201, USA",https://theescapegame.com/brooklyn/book-now/
The Escape Game Brooklyn,The Depths,"Sent via submarine to a dark deep-sea laboratory, your crew must investigate cryptic notes and eerie recordings to uncover what happened to the lead researcher while racing against limited oxygen and rising pressure. The game emphasizes collaboration to pilot the submarine and solve the mystery beneath the sea. ",N/A,60 min,7/10,2026-03-27,Various times,"445 Gold St C-014b, Brooklyn, NY 11201, USA",https://theescapegame.com/brooklyn/book-now/
The Escape Game Brooklyn,Gold Rush,"You’re the heir of a relative who hid a fortune during the 1800s California Gold Rush and have 60 minutes to break into his cabin, search his belongings, and uncover the stash before others find the treasure. The room features tactile puzzles and surprises suited to both new and experienced players. ",N/A,60 min,7/10,2026-03-27,Various times,"445 Gold St C-014b, Brooklyn, NY 11201, USA",https://theescapegame.com/brooklyn/book-now/
The Escape Game Brooklyn,Playground,"Race against the school bell to finish assignments and dominate the kickball game in a nostalgic school-yard adventure that sends you through classrooms, the playground, and the field house. The game supports up to 12 players and is designed to be lighthearted and family-friendly. ",N/A,60 min,6/10,2026-03-27,Various times,"445 Gold St C-014b, Brooklyn, NY 11201, USA",https://theescapegame.com/brooklyn/book-now/
Tidal Force VR,Tidal Force,"A VR escape-style adventure where a mercenary mission devolves into a brutal fight — players work together to survive time-limited, immersive challenges. ([tidalforcevr.com](https://tidalforcevr.com/experience/tidal-force))",57.44,40 min,N/A,2026-03-27,Various times,"166 5th Ave 2 Floor, New York, NY 10010, USA",https://tidalforcevr.com/
Tidal Force VR,Space Defense,"A cooperative, arcade-style VR experience where players defend a space station/installation against hostile forces in immersive, team-based play. ([tidalforcevr.com](https://tidalforcevr.com/experience/space-defense))",57.44,40 min,N/A,2026-03-27,Various times,"166 5th Ave 2 Floor, New York, NY 10010, USA",https://tidalforcevr.com/
Tidal Force VR,Asteroid Skirmish,A versus-style multiplayer VR shooter set among asteroids — teams face off in fast-paced combat and objective-based skirmishes. ([tidalforcevr.com](https://tidalforcevr.com/experience/asteroid-skirmish)),57.44,40 min,N/A,2026-03-27,Various times,"166 5th Ave 2 Floor, New York, NY 10010, USA",https://tidalforcevr.com/
Tidal Force VR,Viral,A multiplayer zombie-survival VR adventure where players navigate an outbreak scenario and fight to survive in an infected environment. ([tidalforcevr.com](https://tidalforcevr.com/experience/viral)),57.44,40 min,N/A,2026-03-27,Various times,"166 5th Ave 2 Floor, New York, NY 10010, USA",https://tidalforcevr.com/
Tidal Force VR,Room-K,"A futuristic adventure-thriller that places players as elite mercenaries navigating a bio-lab heliolab, uncovering a sinister plot and battling new bioweapons. ([prnewswire.com](https://www.prnewswire.com/news-releases/tidal-force-vr-unveils-futuristic-adventure-thriller-room-k-just-in-time-for-fathers-day-302162888.html?utm_source=openai))",57.44,40 min,N/A,2026-03-27,Various times,"166 5th Ave 2 Floor, New York, NY 10010, USA",https://tidalforcevr.com/
Escape the Room NYC,The Clocktower,A time-travel adventure where a crazed timekeeper is stuck in a time warp; your team must travel between past and future to piece together the puzzle and set time right.,44,60 min,5/5,2026-03-27,Various times,"24 W 25th St floor 8, New York, NY 10010, USA",https://escapetheroomnyc.resova.us/ ([escapetheroom.com](https://escapetheroom.com/new-york/))
Escape the Room NYC,The Agency,"A spy/espionage mission where you've been selected for a top-secret assignment—blend into a social setting, gather intel, and complete your classified mission before you're erased.",44,60 min,4/5,2026-03-27,Various times,"24 W 25th St floor 8, New York, NY 10010, USA",https://escapetheroomnyc.resova.us/ ([escapetheroom.com](https://escapetheroom.com/new-york/))
Escape the Room NYC,Jurassic Escape,Infiltrate an evil corporation's cloning facility to shut down the program and stop weaponized dinosaurs from being unleashed on the city.,44,60 min,4/5,2026-03-27,Various times,"24 W 25th St floor 8, New York, NY 10010, USA",https://escapetheroomnyc.resova.us/ ([escapetheroom.com](https://escapetheroom.com/new-york/))
Escape the Room NYC,The Dig,"An archaeological adventure—think Indiana Jones meets The Da Vinci Code—where your team decodes symbols, unlocks chambers, and escapes an ancient site buried beneath the city.",44,60 min,4/5,2026-03-27,Various times,"24 W 25th St floor 8, New York, NY 10010, USA",https://escapetheroomnyc.resova.us/ ([escapetheroom.com](https://escapetheroom.com/new-york/))
Escape the Room NYC,The Submarine,"A claustrophobic, immersive underwater experience where your crew must navigate the sub, outsmart an insane captain, and reach the surface before oxygen runs out.",44,60 min,4/5,2026-03-27,Various times,"24 W 25th St floor 8, New York, NY 10010, USA",https://escapetheroomnyc.resova.us/ ([escapetheroom.com](https://escapetheroom.com/new-york/))
Escape the Room NYC,The Home,A gothic Victorian mystery set in a mansion where something is very wrong—solve eerie puzzles and unravel the story before time runs out.,44,60 min,3/5,2026-03-27,Various times,"24 W 25th St floor 8, New York, NY 10010, USA",https://escapetheroomnyc.resova.us/ ([escapetheroom.com](https://escapetheroom.com/new-york/))
Escape the Room NYC,Outbreak,A high‑stakes thriller in which a diabolical scientist is contaminating the water supply; race to find and distribute the vaccine before a pandemic starts.,44,60 min,5/5,2026-03-27,Various times,"24 W 25th St floor 8, New York, NY 10010, USA",https://escapetheroomnyc.resova.us/ ([escapetheroom.com](https://escapetheroom.com/new-york/))
Escape the Room NYC,The Office,The original escape room experience focused on pure puzzles—no fancy sets—where teams must solve interconnected puzzles in one hour before the boss returns.,44,60 min,3/5,2026-03-27,Various times,"24 W 25th St floor 8, New York, NY 10010, USA",https://escapetheroomnyc.resova.us/ ([escapetheroom.com](https://escapetheroom.com/new-york/))
Escape the Room NYC,Quiz Boxing,"A competitive, party-style trivia arena (not an escape room) in a game-show format—teams battle in themed trivia rounds for bragging rights.",34,60 min,N/A,2026-03-27,Various times,"24 W 25th St floor 8, New York, NY 10010, USA",https://escapetheroomnyc.resova.us/ ([escapetheroom.com](https://escapetheroom.com/new-york/))
BrainXcape Escape Room NYC,"Rikers, 1932","Trapped in Rikers Island in 1932, players must uncover hidden clues and solve puzzles to plan a daring prison break before the guards catch them. The room delivers a tense prison-break thriller atmosphere.",39,60 min,N/A,2026-03-27,Various times,"160 Broadway 3rd floor, New York, NY 10038, USA",https://www.brainxcape.com/?utm_source=google&utm_medium=organic&utm_campaign=gmb
BrainXcape Escape Room NYC,The Haunted Hotel,"Step into The Grange, a forgotten Manhattan hotel filled with supernatural riddles and ominous history; players must unravel the hotel's enigmas and escape before becoming its next permanent guest. The room blends mystery and haunted-house thrills.",39,60 min,N/A,2026-03-27,Various times,"160 Broadway 3rd floor, New York, NY 10038, USA",https://www.brainxcape.com/?utm_source=google&utm_medium=organic&utm_campaign=gmb
BrainXcape Escape Room NYC,THE BLOODY CIRCUS,Enter the World’s Premier Circus where supernatural happenings turn the spectacle deadly; players face twisted acts and jump-scare moments as they solve puzzles to survive. The room is a horror-mystery experience with clown-themed scares.,39,60 min,N/A,2026-03-27,Various times,"160 Broadway 3rd floor, New York, NY 10038, USA",https://www.brainxcape.com/?utm_source=google&utm_medium=organic&utm_campaign=gmb
BrainXcape Escape Room NYC,THE PIRATE’S HEART,"Aboard the Four Legendary Pirates' ship, a storm unleashes spectral trials that force players to avoid traps and survive or join the damned crew. The room offers an eerie, fantasy-driven pirate adventure.",39,60 min,N/A,2026-03-27,Various times,"160 Broadway 3rd floor, New York, NY 10038, USA",https://www.brainxcape.com/?utm_source=google&utm_medium=organic&utm_campaign=gmb
BrainXcape Escape Room NYC,Elevator To Hell,"Trapped in an elevator after death, players face tests determining their worthiness for judgment as they race to alter their fate. This single-room, thriller experience challenges teams in a compact, intense setting.",45,60 min,N/A,2026-03-27,Various times,"160 Broadway 3rd floor, New York, NY 10038, USA",https://www.brainxcape.com/?utm_source=google&utm_medium=organic&utm_campaign=gmb
The Escape Game New Jersey at American Dream,Cosmic Crisis,You’re aboard a spaceship racing toward a galaxy‑eating black hole; alarms are blaring and you must sabotage your own systems to weaponize antimatter and stop the catastrophe. The game features theme‑park projection mapping and an AI companion to guide the mission.,N/A,60 min,7/10,2026-03-27,Various times,"1 American Dream Wy Suite G313, East Rutherford, NJ 07073, USA",https://checkin.theescapegame.com/locations/new-jersey/cosmic-crisis
The Escape Game New Jersey at American Dream,Prison Break,"Locked in a 1950s iron‑barred prison and split between cells, your team must decipher clues, navigate secret passages, and outwit a nefarious warden to secure freedom. This is one of the location’s toughest challenges with extra cooperative elements.",N/A,60 min,9/10,2026-03-27,Various times,"1 American Dream Wy Suite G313, East Rutherford, NJ 07073, USA",https://checkin.theescapegame.com/locations/new-jersey/prison-break
The Escape Game New Jersey at American Dream,The Depths,"Board a submarine to investigate a deep‑sea laboratory that’s gone dark; explore the abandoned lab, follow cryptic notes, and uncover the truth behind Dr. Humphreys’ strange experiments. Rising pressure and limited oxygen add urgency to the mystery.",N/A,60 min,7/10,2026-03-27,Various times,"1 American Dream Wy Suite G313, East Rutherford, NJ 07073, USA",https://checkin.theescapegame.com/locations/new-jersey/the-depths
The Escape Game New Jersey at American Dream,The Heist,"Infiltrate the Barclay Museum to recover a missing Monet by bypassing security, outsmarting the curator, and stealing it back for The Agency. The immersive, film‑style set makes players feel like they’re executing a high‑stakes spy operation.",N/A,60 min,8/10,2026-03-27,Various times,"1 American Dream Wy Suite G313, East Rutherford, NJ 07073, USA",https://checkin.theescapegame.com/locations/new-jersey/the-heist
The Escape Game New Jersey at American Dream,Special Ops: Mysterious Market,"As a globe‑trotting spy team, investigate a bustling market to decode mysterious messages, uncover hidden rooms, and stop an international crisis before it escalates. The mission is full of twists and rapid‑fire problem solving.",N/A,60 min,8/10,2026-03-27,Various times,"1 American Dream Wy Suite G313, East Rutherford, NJ 07073, USA",https://checkin.theescapegame.com/locations/new-jersey/special-ops
The Escape Game New Jersey at American Dream,Gold Rush,"Search a rustic log cabin and nearby mine for Clyde Hamilton’s hidden treasure after inheriting a map and clues from a kooky relative. The tactile puzzles and frontier theme make it a fun, hands‑on adventure for mixed experience levels.",N/A,60 min,7/10,2026-03-27,Various times,"1 American Dream Wy Suite G313, East Rutherford, NJ 07073, USA",https://checkin.theescapegame.com/locations/new-jersey/gold-rush
The Escape Game New Jersey at American Dream,Playground,"Race against the school bell in a nostalgic school‑yard adventure where your team must finish assignments and tackle playground challenges to become champs. Designed for large groups and players of all ages, it’s jam‑packed with puzzles and teamwork moments.",N/A,60 min,6/10,2026-03-27,Various times,"1 American Dream Wy Suite G313, East Rutherford, NJ 07073, USA",https://checkin.theescapegame.com/locations/new-jersey/playground
Escape Room NYC - Mission Escape Games,Escape Operation: End of Days (A),A top-secret mission has ended in failure and apocalypse is imminent. You must find the creator’s workshop and assemble the final element before the system shuts down in one hour to save humanity.,38,60 min,7/10,2026-03-27,Various times,"265 W 37th St Suite 802A, New York, NY 10018, USA",https://missionescapegames.com/nyc/book-game/
Escape Room NYC - Mission Escape Games,Escape Operation: End of Days (B),A top-secret mission where humanity’s last hope rests on creating a final element; this layout/capacity variant challenges you to complete the mission within one hour before shutdown.,38,60 min,7/10,2026-03-27,Various times,"265 W 37th St Suite 802A, New York, NY 10018, USA",https://missionescapegames.com/nyc/book-game/
Escape Room NYC - Mission Escape Games,Ultimate Bank Heist,You’ve been roped into clearing a debt by pulling off a high-stakes robbery — retrieve a rare artifact from the bank vault within one hour before it’s too late.,38,60 min,7.3/10,2026-03-27,Various times,"265 W 37th St Suite 802A, New York, NY 10018, USA",https://missionescapegames.com/nyc/book-game/
Escape Room NYC - Mission Escape Games,Escape the Hydeout: The Mystery of Henry Jekyll,Based on Dr. Jekyll and Mr. Hyde: Dr. Jekyll has gone missing and you’ve been hired to investigate his strange disappearance and the chaos caused by a mysterious fellow before time runs out.,38,60 min,7.5/10,2026-03-27,Various times,"265 W 37th St Suite 802A, New York, NY 10018, USA",https://missionescapegames.com/nyc/book-game/
Escape Room NYC - Mission Escape Games,Carbon: 3708,"A cyberpunk, high-tech mission to infiltrate Cyber Industries and destroy the data they’re using to take control of humanity — hurry to prevent a takeover before time runs out.",38,60 min,9/10,2026-03-27,Various times,"265 W 37th St Suite 802A, New York, NY 10018, USA",https://missionescapegames.com/nyc/book-game/
Exit Escape Room NYC,High Speed NYC,You hop on a train that’s been abandoned by its conductor and is now speeding with no control; your team must figure out how to activate the emergency systems and stop the train before it’s too late. ([exitescaperoomnyc.com](https://www.exitescaperoomnyc.com/high_speed_nyc-136141.html)),38 ([exitescaperoomnyc.com](https://www.exitescaperoomnyc.com/book.html)),60 min,N/A,2026-03-27,Various times,"247 W 36th St. Suite 101, New York, NY 10018, USA",https://www.exitescaperoomnyc.com/book.html
Exit Escape Room NYC,The Magic Crystal,"The kingdom is in peril after the evil witch Agatha casts a spell to turn creatures into toads; you must find her Book of Magic in her lair, create the reversal potion, and escape before the spell takes effect. ([exitescaperoomnyc.com](https://www.exitescaperoomnyc.com/the_magic_crystal.html))",38 ([exitescaperoomnyc.com](https://www.exitescaperoomnyc.com/book.html)),60 min,7.5 ([exitescaperoomnyc.com](https://www.exitescaperoomnyc.com/the_magic_crystal.html)),2026-03-27,Various times,"247 W 36th St. Suite 101, New York, NY 10018, USA",https://www.exitescaperoomnyc.com/book.html
Exit Escape Room NYC,The Perfect Heist,"You and your team of thieves break into a pizzeria basement rumored to hold a briefcase full of stolen cash, but the door locks behind you — you have one hour to find the cash and escape before the mob returns. ([exitescaperoomnyc.com](https://www.exitescaperoomnyc.com/the_perfect_heist.html))",38 ([exitescaperoomnyc.com](https://www.exitescaperoomnyc.com/book.html)),60 min,N/A,2026-03-27,Various times,"247 W 36th St. Suite 101, New York, NY 10018, USA",https://www.exitescaperoomnyc.com/book.html
Exit Escape Room NYC,Sugar Rush,"Compete in a state-of-the-art bakery for the NYC cupcake challenge, solving puzzles to find hidden tools and ingredients so you can prepare cupcakes before time runs out — and enjoy your creations if you succeed. ([exitescaperoomnyc.com](https://www.exitescaperoomnyc.com/sugar_rush.html))",38 ([exitescaperoomnyc.com](https://www.exitescaperoomnyc.com/book.html)),60 min,N/A,2026-03-27,Various times,"247 W 36th St. Suite 101, New York, NY 10018, USA",https://www.exitescaperoomnyc.com/book.html
Komnata Quest Brooklyn,The City of Ashes,You crash outside a deserted town shrouded in thick fog and realize you are not alone; malevolent creatures hunt for your souls. Escape the abandoned town before you become its next victims.,35,60 min,N/A,2026-03-27,Various times,"104 West St, Brooklyn, NY 11222, USA",https://bookeo.com/komnatabrooklyn?type=3151RY494U197E036CF4F
Komnata Quest Brooklyn,Hex Of The Chinese Jewelry Box,Step into a professor’s study to recover a cursed artifact after a local history professor dies mysteriously. Search the study and break the artifact’s hex before it spreads to your town.,35,60 min,N/A,2026-03-27,Various times,"104 West St, Brooklyn, NY 11222, USA",https://bookeo.com/komnatabrooklyn?type=3151CYYKCR197E04C974D
Komnata Quest Brooklyn,Mystery of Dr. Frankenstein,Enter Doctor Victor Frankenstein’s laboratory where his experiments have caused a rift in the space-time continuum. Help repair the rift and resolve the consequences of his experiments.,35,60 min,N/A,2026-03-27,Various times,"104 West St, Brooklyn, NY 11222, USA",https://bookeo.com/komnatabrooklyn?type=3151X3TX9U197E03B4DC8
Komnata Quest Brooklyn,St. Angelo’s Castle,"Wake up in the dungeon of St. Angelo’s Castle, home to thousands of lost souls taken during the Great Inquisition; you and your team have one hour to escape and earn your freedom. Hope remains, but time is against you.",N/A,60 min,N/A,2026-03-27,Various times,"104 West St, Brooklyn, NY 11222, USA",https://www.komnataescaperoom.com/
"Brooklyn Escape Room, Nerf Blasters, & Birthday Parties",The Dungeon,"The largest and most immersive escape room in Brooklyn, featuring over 1,100 sq ft of spine-tingling adventure where you must escape before the executioner arrives. Family-friendly with no jump scares or gore.",38,60 min,N/A,2026-03-27,Various times,"Industry City, 68 34th St Building 6 second floor, Brooklyn, NY 11232, USA",https://brooklynescaperoomic.resova.us/items/availability?category=2
"Brooklyn Escape Room, Nerf Blasters, & Birthday Parties",Pirate Adventure,A daring adventure on the high seas exploring the wreck of pirate Captain Dredd to uncover his legendary golden treasure and escape the island's curse. Appropriate for children with no jump scares or gore.,38,60 min,N/A,2026-03-27,Various times,"Industry City, 68 34th St Building 6 second floor, Brooklyn, NY 11232, USA",https://brooklynescaperoomic.resova.us/items/availability?category=2
"Brooklyn Escape Room, Nerf Blasters, & Birthday Parties",House of Spirits,A creepy haunted-house style escape filled with mystery and tension where you must discover the secrets of a missing family and escape before it is too late. Appropriate for children with no jump scares or gore.,38,60 min,N/A,2026-03-27,Various times,"Industry City, 68 34th St Building 6 second floor, Brooklyn, NY 11232, USA",https://brooklynescaperoomic.resova.us/items/availability?category=2
"Brooklyn Escape Room, Nerf Blasters, & Birthday Parties",Shelter R,A challenging survival escape experience set in a dystopian future where bombs have taken everything but your shelter — race to break out before contamination. Appropriate for children with no jump scares or gore.,38,60 min,N/A,2026-03-27,Various times,"Industry City, 68 34th St Building 6 second floor, Brooklyn, NY 11232, USA",https://brooklynescaperoomic.resova.us/items/availability?category=2
"Brooklyn Escape Room, Nerf Blasters, & Birthday Parties",Nerf Arena,An indoor Nerf blaster arena offering timed sessions where players can battle using Nerf blasters; sessions available in 30- and 60-minute options and the arena can accommodate many players per hour.,20,60 min,N/A,2026-03-27,Various times,"Industry City, 68 34th St Building 6 second floor, Brooklyn, NY 11232, USA",https://brooklynescaperoomic.resova.us/items/availability?category=2
Escape Room Madness NYC,The Perfect Crime,"Detective Robert Wolfe has finally solved his most recent murder case but when you arrive at his office he’s not there. Your team must investigate the crime scene, decode clues, and solve what appears to be the perfect crime before time runs out.",40,60 min,8/10,2026-03-27,Various times,"38 W 32nd St 5th Floor, Ste 500, New York, NY 10001, USA",https://escaperoommadness.com/book-now/
Escape Room Madness NYC,Quarantine,Dr. Semias Vexx has been exiled and locks you in his laboratory intending to release a deadly virus. You must solve the puzzles and escape the lab before the virus is unleashed.,40,60 min,7/10,2026-03-27,Various times,"38 W 32nd St 5th Floor, Ste 500, New York, NY 10001, USA",https://escaperoommadness.com/book-now/
Escape Room Madness NYC,Nuclear Annihilation,A terrorist attack has trapped your team of engineers inside a NYC power plant with a reactor countdown underway. Work together to navigate puzzles and deactivate the device to save millions of lives.,40,60 min,8/10,2026-03-27,Various times,"38 W 32nd St 5th Floor, Ste 500, New York, NY 10001, USA",https://escaperoommadness.com/book-now/
Escape Room Madness NYC,Prey,"Investigate the Fleureau House as detectives sent by William Sharpton to stop a terrifying creature before the next full moon. This intense, horror-leaning room challenges teams to uncover the creature’s secrets and survive.",40,60 min,9/10,2026-03-27,Various times,"38 W 32nd St 5th Floor, Ste 500, New York, NY 10001, USA",https://escaperoommadness.com/book-now/
Escape Room Madness NYC,Masquerade,"Disguised as guests at Ludovico Manin’s Masquerade Ball, you must infiltrate the event to find proof of his guilt. Search for the stolen object and escape without being detected.",40,60 min,6/10,2026-03-27,Various times,"38 W 32nd St 5th Floor, Ste 500, New York, NY 10001, USA",https://escaperoommadness.com/book-now/
Escape Room Madness NYC,Exodus,"Something has gone wrong at the New York History Museum where the ghost of Pharaoh Ramses II has possessed the curator and set events in motion that could end the world. With help from the benevolent Pharaoh Khufu, your team must decipher ancient clues and stop Ramses II.",40,60 min,6/10,2026-03-27,Various times,"38 W 32nd St 5th Floor, Ste 500, New York, NY 10001, USA",https://escaperoommadness.com/book-now/
SPYSCAPE & SPYGAMES,SPYSCAPE Museum & Experience,Brain-teasing museum experience developed with MI6 trainers and psychologists that immerses visitors in espionage challenges and produces a detailed Q Type profile revealing strengths and decision styles.,39,90 min,N/A,2026-03-27,Various times,"928 8th Ave, New York, NY 10019, USA",https://ticketing.spyscape.com
SPYSCAPE & SPYGAMES,Peak Protocol,"A high-energy game zone where players climb and navigate obstacles while spotlights sweep the wall — testing balance, foresight and precision under pressure.",39,50 min,N/A,2026-03-27,Various times,"928 8th Ave, New York, NY 10019, USA",https://ticketing.spyscape.com
SPYSCAPE & SPYGAMES,Code Shield,A fast-paced hacking and pattern-recognition challenge where teams think quickly to outpace digital defenses and beat the grid.,39,50 min,N/A,2026-03-27,Various times,"928 8th Ave, New York, NY 10019, USA",https://ticketing.spyscape.com
SPYSCAPE & SPYGAMES,Trap Attack,"A reaction and agility game where players step on correct sequences of lights while avoiding alarms — focusing on focus, reactivity and agility.",39,50 min,N/A,2026-03-27,Various times,"928 8th Ave, New York, NY 10019, USA",https://ticketing.spyscape.com
SPYSCAPE & SPYGAMES,Cipher Sequence,"A race-against-the-clock code-cracking challenge that tests strategy, teamwork and planning as players work to unlock spy codes.",39,50 min,N/A,2026-03-27,Various times,"928 8th Ave, New York, NY 10019, USA",https://ticketing.spyscape.com
SPYSCAPE & SPYGAMES,Stealth Matrix,"A laser-weaving stealth challenge where players must move quietly and quickly through beams, testing agility, timing and risk tolerance.",39,50 min,N/A,2026-03-27,Various times,"928 8th Ave, New York, NY 10019, USA",https://ticketing.spyscape.com
SPYSCAPE & SPYGAMES,Memory Ops,"A memory-focused mission where teams match coded sequences under time pressure — recall, teamwork and precision are essential.",39,50 min,N/A,2026-03-27,Various times,"928 8th Ave, New York, NY 10019, USA",https://ticketing.spyscape.com
SPYSCAPE & SPYGAMES,Spotlights,"A timing and accuracy challenge that requires players to strike the right lights before they disappear, testing vigilance and anticipation.",39,50 min,N/A,2026-03-27,Various times,"928 8th Ave, New York, NY 10019, USA",https://ticketing.spyscape.com
SPYSCAPE & SPYGAMES,Circuit Strike,An accuracy and focus challenge to activate the spy grid; precision and teamwork are required to succeed.,39,50 min,N/A,2026-03-27,Various times,"928 8th Ave, New York, NY 10019, USA",https://ticketing.spyscape.com
SPYSCAPE & SPYGAMES,Compression,"A fast-paced laser dodge and tracking game that tests agility, timing and risk tolerance as players navigate defenses.",39,50 min,N/A,2026-03-27,Various times,"928 8th Ave, New York, NY 10019, USA",https://ticketing.spyscape.com
SPYSCAPE & SPYGAMES,Grapple,A speed and accuracy challenge where quick hands and thinking win — players claim targets under time pressure.,39,50 min,N/A,2026-03-27,Various times,"928 8th Ave, New York, NY 10019, USA",https://ticketing.spyscape.com
SPYSCAPE & SPYGAMES,Moving Hazards,A dynamic agility and timing game that has players racing to collect targets on a shifting color grid — focus and reflexes are critical.,39,50 min,N/A,2026-03-27,Various times,"928 8th Ave, New York, NY 10019, USA",https://ticketing.spyscape.com
SPYSCAPE & SPYGAMES,Infiltration,"An infiltration-style challenge to outmaneuver a system before it outsmarts you, testing agility, timing and perception.",39,50 min,N/A,2026-03-27,Various times,"928 8th Ave, New York, NY 10019, USA",https://ticketing.spyscape.com
Immersive Gamebox - Lower East Side,Box Party,"A high-energy, competitive party experience with rotating mini-games where teams race, puzzle and battle to climb the Gamebox leaderboard. Fast-paced and social — made for groups who want chaotic, laugh-out-loud fun.",N/A,60 mins,3/5,2026-03-27,Various times,"81 Essex St, New York, NY 10002, USA",https://www.immersivegamebox.com/en-US/games/box-party
Immersive Gamebox - Lower East Side,Batman,"Step into Gotham City and team up as Batman and allies to solve puzzles, take on classic super-villains and protect the city in this DC-themed immersive adventure. A narrative-driven, action-packed 60-minute experience using motion tracking and projection mapping.",N/A,60 mins,3/5,2026-03-27,Various times,"81 Essex St, New York, NY 10002, USA",https://www.immersivegamebox.com/en-US/batman
Immersive Gamebox - Lower East Side,Squid Game,"A 60-minute digital adaptation of the Netflix sensation where teams tackle six physical and puzzle challenges (Red Light, Dalgona, Tug of War, Marbles, Glass Bridge, Squid Game) to survive and climb the leaderboard. Intense, competitive and immersive.",N/A,60 mins,3/5,2026-03-27,Various times,"81 Essex St, New York, NY 10002, USA",https://www.immersivegamebox.com/en-US/squid-game/
Immersive Gamebox - Lower East Side,Floor Is Lava,"Inspired by the Netflix series, this 30-minute experience has teams navigating molten hazards as the walls come alive with fiery danger — a fast, adrenaline-fuelled obstacle challenge. Emphasizes teamwork and quick physical interaction with projection-mapped environments.",N/A,30 mins,3/5,2026-03-27,Various times,"81 Essex St, New York, NY 10002, USA",https://www.immersivegamebox.com/en-US/floor-is-lava/
Immersive Gamebox - Lower East Side,Escape AI,"Billed as the world’s first immersive escape room, Escape AI is a 60-minute narrative where players investigate the disappearance of an eccentric inventor using ‘Rewinder’ tech while a rogue AI warps the virtual world. Puzzle-driven, cinematic, and collaborative.",N/A,60 mins,3/5,2026-03-27,Various times,"81 Essex St, New York, NY 10002, USA",https://www.immersivegamebox.com/en-US/escape-ai/
Immersive Gamebox - Lower East Side,Can't Decide?,A flexible option (30 / 60 mins) where on-site game experts help you choose from available experiences once you arrive — ideal for groups who want staff recommendation or to play multiple shorter experiences. Designed to simplify booking when you’re unsure which game to pick.,N/A,30 / 60 mins,3/5,2026-03-27,Various times,"81 Essex St, New York, NY 10002, USA",https://www.immersivegamebox.com/en-US/venues/lny-essex-crossing-lower-east-side-new-york
Immersive Gamebox - Lower East Side,Ghostbusters: The Cursed Collection,A 60-minute family-friendly adventure where players join the Ghostbusters to recover stolen cursed artifacts and capture ghosts terrorizing the city. Story-driven with familiar characters and paranormal objectives.,N/A,60 mins,3/5,2026-03-27,Various times,"81 Essex St, New York, NY 10002, USA",https://www.immersivegamebox.com/en-US/ghostbusters/
Immersive Gamebox - Lower East Side,Paw Patrol: New Recruits,A 60-minute kid-focused experience based on the Paw Patrol series where youngsters join Ryder and the pups on rescue missions. Designed for preschool-age players and family groups with simple teamwork challenges.,N/A,60 mins,3/5,2026-03-27,Various times,"81 Essex St, New York, NY 10002, USA",https://www.immersivegamebox.com/en-US/venues/lny-essex-crossing-lower-east-side-new-york
Immersive Gamebox - Lower East Side,Angry Birds,"A 30-minute life-size digital slingshot game where players control Angry Birds using body movement and touch to defeat the King Pig across multiple levels. Fast-paced, family-friendly gameplay that responds to motion tracking and projection.",N/A,30 mins,3/5,2026-03-27,Various times,"81 Essex St, New York, NY 10002, USA",https://www.immersivegamebox.com/angry-birds
Immersive Gamebox - Lower East Side,Alien Aptitude Test,"A 60-minute, four-challenge experience where players face aptitude tests (agility, teamwork, memory, fortitude) after an alien invasion — described as family-friendly immersive challenges spanning multiple mini-games. Themed around proving your worth to extraterrestrial examiners.",N/A,60 mins,3/5,2026-03-27,Various times,"81 Essex St, New York, NY 10002, USA",https://www.immersivegamebox.com/en-US/alien-aptitude-test/
Immersive Gamebox - Lower East Side,Temple of Coins,"A 30-minute competitive experience where players dash around a temple to collect gold coins while dodging ghosts — a high-octane, movement-driven game that rewards speed and coordination. Ideal for competitive family play.",N/A,30 mins,3/5,2026-03-27,Various times,"81 Essex St, New York, NY 10002, USA",https://www.immersivegamebox.com/en-AU/temple-of-coins
Immersive Gamebox - Lower East Side,Ticket to Mars,"A 60-minute sci-fi mission where teams join a Mars expedition to mine ‘Elonium’ and tackle interstellar challenges — a cooperative, story-led space adventure with puzzles and physical tasks. Tech-driven gameplay and immersive visuals enhance the mission feel.",N/A,60 mins,3/5,2026-03-27,Various times,"81 Essex St, New York, NY 10002, USA",https://www.immersivegamebox.com/en-US/ticket-to-mars/
Immersive Gamebox - Lower East Side,Psychedelic Mansion,"A 60-minute CIA-style training program with colourful, tricky challenges — players face up to four tests in an hour that mix puzzles and interactive levels in a trippy, playful environment. Designed as a themed, challenge-oriented experience for older kids and adults.",N/A,60 mins,3/5,2026-03-27,Various times,"81 Essex St, New York, NY 10002, USA",https://www.immersivegamebox.com/en-US/psychedelic-mansion
Immersive Gamebox - Lower East Side,Junior Bundle,"A 30-minute kid-approved bundle combining Tip Tap Memory Challenge and Temple of Coins Junior — short, age-appropriate mini-games designed for youngsters to enjoy cooperative, movement-based fun. Recommended for younger players and families.",N/A,30 mins,3/5,2026-03-27,Various times,"81 Essex St, New York, NY 10002, USA",https://www.immersivegamebox.com/junior-bundle
